SYMBOL_ID,SYMBOL_NAME
1001,IBA
1002,WPZ
1003,OPNT
1004,INDF
1005,FLIC
1006,NBHC
1007,NCS
1008,GRVY
1009,LGCYO
1010,EQCO
1011,GPK
1012,WTI
1013,DYN_A
1014,CSTR
1015,MYGN
1016,COR_A-CL
1017,JMU
1018,JPEM
1019,KELYA
1020,WBIG
1021,EEMX
1022,NYCB
1023,ELP
1024,AIEQ
1025,AXAS
1026,CPHI
1027,THR
1028,NXEOW
1029,VRSK
1030,ABIL
1031,EVEP
1032,SRLP
1033,WWW
1034,NNVC
1035,EXR
1036,FEYE
1037,RBCAA
1038,ENRJ
1039,MLNT
1040,AVT
1041,GAZB
1042,DXR
1043,GDI
1044,NGVT
1045,IRIX
1046,PAY
1047,PFBX
1048,HYXU
1049,NLNK
1050,IVC
1051,MXE
1052,OSB
1053,TXRH
1054,MX
1055,SMMD
1056,MNRO
1057,HDEZ
1058,PGZ
1059,L
1060,JASN
1061,GFY
1062,EIM
1063,BLL
1064,PCI
1065,BORN
1066,RIBTW
1067,CIZN
1068,USAU
1069,BRKR
1070,TMO
1071,NEE_J
1072,CLNS_B
1073,CMCT
1074,MMI
1075,STOR
1076,CLCT
1077,FUV
1078,PDLB
1079,OILB
1080,TGEN
1081,FAT
1082,CMA-WS
1083,HE
1084,WYDE
1085,COR
1086,IMKTA
1087,NEP
1088,DDBI
1089,FLKS
1090,EMXC
1091,NAC
1092,DFIN
1093,PSX
1094,ATACU
1095,JOE
1096,HDB
1097,AGN_A
1098,REXR_A
1099,JHD
1100,WPCS
1101,ATH
1102,TAPR
1103,YRCW
1104,HCC
1105,SIVB
1106,FNCF
1107,IGRO
1108,COLL
1109,PTY
1110,DMRC
1111,KMPR
1112,KW
1113,CECO
1114,ASB-WS
1115,SFST
1116,CHS
1117,TSLX
1118,UMC
1119,EIA
1120,NUM
1121,FULT
1122,FELE
1123,EVTC
1124,EMR
1125,JBHT
1126,OFIX
1127,ACHN
1128,CBRL
1129,ODFL
1130,BRACR
1131,ZLAB
1132,NAO
1133,INDUW
1134,IDN
1135,GGZR
1136,HEWW
1137,CTSO
1138,PBIO
1139,FQAL
1140,FAX
1141,CNXN
1142,HI
1143,DLBR
1144,PSMM
1145,SNCR
1146,LSCC
1147,ISR
1148,LYG
1149,AEZS
1150,GEK
1151,NVS
1152,AFI
1153,AFSD
1154,OPP
1155,HCCI
1156,GDDY
1157,GHYG
1158,IPOA-WS
1159,GCH
1160,LOXO
1161,IBKCP
1162,MCHP
1163,BSJP
1164,NTC
1165,RNLC
1166,SZC
1167,VLRS
1168,VPV
1169,IVR_A
1170,HBM
1171,DTLA_
1172,IMOM
1173,PGRE
1174,NHTC
1175,CZR
1176,EQGP
1177,COMB
1178,GTT
1179,NGL
1180,IBM
1181,ZYME
1182,FLIO
1183,STLRU
1184,ANSS
1185,UBSI
1186,CNP
1187,SOFO
1188,GAIA
1189,WLKP
1190,SJR
1191,MT
1192,OSN
1193,GAMR
1194,SNA
1195,XRM
1196,MARPS
1197,HCAPZ
1198,FISK
1199,FUND
1200,ANCB
1201,ASMB
1202,FMNB
1203,AVX
1204,MLNX
1205,DECK
1206,VSH
1207,PNFP
1208,HAS
1209,AEHR
1210,AHP_B
1211,IAGG
1212,LB
1213,PBMD
1214,COF
1215,ENT
1216,BKU
1217,RPXC
1218,FIVN
1219,WEB
1220,GES
1221,PDP
1222,LVIN
1223,FXEP
1224,AHPI
1225,TAST
1226,ACHV
1227,FRO
1228,FTXN
1229,WBKC
1230,JACK
1231,PCG_G
1232,UEPS
1233,NLY_D
1234,GRPN
1235,SCACW
1236,XTLB
1237,JAGX
1238,OPHC
1239,PSL
1240,LNC
1241,KO
1242,MZA
1243,CBFV
1244,CLX
1245,HPT
1246,MNTX
1247,NVTA
1248,CHK
1249,XGTIW
1250,BLX
1251,BXP_B
1252,MVCB
1253,X
1254,LBRDA
1255,EMJ
1256,BHK
1257,ITG
1258,JPM_H
1259,RLI
1260,SPRO
1261,TITN
1262,HGH
1263,SSNT
1264,THGA
1265,NVGN
1266,ASB_C
1267,APC
1268,MIN
1269,ATNX
1270,AVAL
1271,LTRX
1272,PPR
1273,MMLP
1274,KTCC
1275,BANC_D
1276,GAINN
1277,SIRI
1278,DTEA
1279,LONE
1280,AGEN
1281,SFBS
1282,HLM_
1283,DWLV
1284,AVGO
1285,DMTX
1286,IEX
1287,HURC
1288,SEMG
1289,REDU
1290,ARII
1291,CHKE
1292,GWR
1293,THRM
1294,WEXP
1295,SNY
1296,EVSTC
1297,QBAK
1298,WPRT
1299,AEO
1300,ANGI
1301,NWE
1302,RESI
1303,SPTL
1304,KONA
1305,INTC
1306,PAM
1307,ALP_O-CL
1308,BIO-B
1309,ASND
1310,NUMG
1311,C_J
1312,IFF
1313,SMG
1314,VGR
1315,NR
1316,CIE
1317,PLYM
1318,HTFA
1319,ABB
1320,GCP
1321,OESX
1322,TNTR
1323,PVAC
1324,SPWR
1325,GLU_A
1326,SKLN
1327,RJF
1328,PER
1329,KYO
1330,URGN
1331,SIGI
1332,GDL_B
1333,PAA
1334,AAP
1335,GSBC
1336,FORM
1337,CUBI_E
1338,MTB_
1339,DOV
1340,JSML
1341,GSM
1342,QCRH
1343,RYI
1344,ULBI
1345,ECOL
1346,LCUT
1347,IAG
1348,FSM
1349,KGJI
1350,NFEC
1351,ENVA
1352,VKTX
1353,IPAY
1354,TRMB
1355,SPSM
1356,NICK
1357,GGO
1358,JSYN
1359,PFL
1360,XLNX
1361,LRET
1362,CII
1363,USDP
1364,SIX
1365,PLYA
1366,PGEM
1367,KMM
1368,HEUS
1369,KALV
1370,NWFL
1371,GPS
1372,EXPO
1373,MICT
1374,JPEU
1375,NCLH
1376,JMM
1377,HOML
1378,SCKT
1379,LINU
1380,FATE
1381,INFN
1382,GVP
1383,ZIOP
1384,HEWC
1385,GRC
1386,DVMT
1387,BVXVW
1388,HUSA
1389,BNFT
1390,VECO
1391,FRC
1392,QURE
1393,MOSY
1394,IPCI
1395,NRT
1396,SKIS
1397,ENX
1398,CLIRW
1399,WEN
1400,ISF
1401,BRK-B
1402,LSXMB
1403,NVG
1404,SPUN
1405,ADM
1406,LN
1407,BATRA
1408,WAGE
1409,IGD
1410,NEE_R
1411,JCOM
1412,CMCL
1413,VSAR
1414,OBE
1415,WRLS
1416,EBIO
1417,FUN
1418,XL
1419,APO
1420,QTM
1421,FFTY
1422,AXS_D
1423,GFA
1424,WBC
1425,T
1426,EMF
1427,GBR
1428,JPM_D
1429,PCQ
1430,HTGC
1431,OMAB
1432,FBR
1433,DMF
1434,PEI_B
1435,GFNSL
1436,SPLK
1437,BCV_A
1438,GDV_G
1439,HNP
1440,ICUI
1441,PRPO
1442,CVO
1443,MERC
1444,NEE_C-CL
1445,ACFC
1446,AUTO
1447,RNDM
1448,JHMI
1449,FSACU
1450,BAS
1451,EDR
1452,TREX
1453,USHY
1454,SMBK
1455,MGNX
1456,BW
1457,RODM
1458,CWAY
1459,TDC
1460,ATTO
1461,SAB
1462,JSYNW
1463,FTAG
1464,SHLM
1465,DDR
1466,LGCY
1467,PRE_G
1468,OXBR
1469,VOD
1470,PRGS
1471,ESGG
1472,ZBK
1473,LNDC
1474,CNFR
1475,RF
1476,RAS_B
1477,ZB_H
1478,TTPH
1479,HMN
1480,MTBC
1481,BJRI
1482,LDOS
1483,ALDX
1484,EGL
1485,CCLP
1486,SNNA
1487,LPG
1488,CBM
1489,CEMB
1490,MTT
1491,SHOS
1492,FALN
1493,HFBL
1494,SONA
1495,TTGT
1496,ROGS
1497,GSJY
1498,AI
1499,VHI
1500,KLIC
1501,ANDAW
1502,HIVE
1503,FLWS
1504,NUSC
1505,ETSY
1506,BFIT
1507,NEWA
1508,GJH
1509,CDOR
1510,BSCP
1511,JMBA
1512,BDN
1513,VVPR
1514,NESR
1515,IAMXR
1516,MPACU
1517,AOI
1518,UFCS
1519,CY
1520,SHIP
1521,KEY_I
1522,OBLN
1523,RNR_C
1524,BWA
1525,ARCO
1526,WDAY
1527,BHLB
1528,CJJD
1529,BFS_C
1530,PXD
1531,LPTH
1532,SSC
1533,RTNB
1534,AXU
1535,BLBD
1536,SWP
1537,ICPT
1538,FCRE
1539,TRQ
1540,PETQ
1541,KRNT
1542,SYNL
1543,HBMD
1544,UFS
1545,UBNK
1546,KTH
1547,TWIN
1548,GME
1549,WMT
1550,RGA
1551,PSEC
1552,BCC
1553,CCC
1554,HTHT
1555,FIV
1556,HAFC
1557,WLFC
1558,SGA
1559,TMUS
1560,HDLV
1561,CHFN
1562,BPL
1563,RTN
1564,WALA
1565,FLGB
1566,NMR
1567,STN
1568,AVNW
1569,ATAC
1570,ITRI
1571,OIA
1572,CPL
1573,SPLP_T
1574,BBT_D
1575,FMCIR
1576,HHS
1577,CWST
1578,RCOM
1579,IPOA-U
1580,MAT
1581,EBAY
1582,SSFN
1583,SFHY
1584,HZNP
1585,TI
1586,AFSI_A
1587,RSO
1588,ARCC
1589,DXPE
1590,IOR
1591,LEG
1592,CTXS
1593,GF
1594,LITB
1595,NYCB_U
1596,BKEPP
1597,DAC
1598,SMCI
1599,LYTS
1600,MRAM
1601,PKG
1602,EEP
1603,SIMO
1604,ANIP
1605,NEWM
1606,MANH
1607,FRED
1608,POT
1609,KODK
1610,GNW
1611,STB
1612,LBTYK
1613,VIRT
1614,WEBK
1615,TUP
1616,BBT_H
1617,CTS
1618,BERN
1619,XRAY
1620,DWAQ
1621,SD
1622,IRWD
1623,NIM
1624,TILE
1625,AHPAW
1626,EVHC
1627,TRPX
1628,EQR
1629,FMI
1630,JTD
1631,AHH
1632,DX
1633,CCO
1634,BTEC
1635,LUV
1636,NETS
1637,BCO
1638,PEBO
1639,CISN
1640,RARX
1641,AJX
1642,CEL
1643,SAN
1644,FH
1645,NTRA
1646,KGRN
1647,BSBR
1648,BEL
1649,JHME
1650,BF-B
1651,NXR
1652,CADE
1653,KRG
1654,OLLI
1655,EKSO
1656,TSS
1657,WBAI
1658,CPSH
1659,STBA
1660,UG
1661,CMS_B
1662,NUAN
1663,CASY
1664,GS_D
1665,SPLG
1666,LXFR
1667,CXDC
1668,DGICB
1669,MTX
1670,EV
1671,CBA
1672,STRP
1673,FFIC
1674,AE
1675,CFR
1676,AIF
1677,CYTR
1678,VNET
1679,MSGN
1680,SPXE
1681,PMD
1682,CFFI
1683,BFR
1684,SLMBP
1685,MCD
1686,BBVA
1687,OLP
1688,WFC_Y
1689,WBBW
1690,FRPH
1691,VEACW
1692,WSBF
1693,INOV
1694,BVXV
1695,RBIN
1696,ETO
1697,NHC
1698,TRUE
1699,TETF
1700,DHVW
1701,MRBK
1702,FCFS
1703,AHP
1704,TSCO
1705,MBFI
1706,SGU
1707,DPST
1708,BMRA
1709,TRCO
1710,AERI
1711,WSTL
1712,CLRBW
1713,GIB
1714,MFA
1715,HLT
1716,STZ
1717,OMF
1718,OVAS
1719,SPI
1720,LAWS
1721,AGM_B
1722,IHG
1723,ONVI
1724,TTAC
1725,BRCD
1726,WHLRW
1727,CHMI_A
1728,SDPI
1729,QLYS
1730,PBFX
1731,CM
1732,MRC
1733,PCBK
1734,ALBO
1735,TEAR
1736,POL
1737,MBVX
1738,PB
1739,SSW
1740,JPHF
1741,CSF
1742,NANO
1743,UVV
1744,SBFG
1745,CARO
1746,SPIB
1747,CNACR
1748,EVG
1749,BSF
1750,CLIR
1751,HII
1752,OCSLL
1753,TTF
1754,JBN
1755,DRNA
1756,DIVO
1757,STAG
1758,UTF
1759,EPD
1760,BOOT
1761,III
1762,CMRE_C
1763,AREX
1764,GPRE
1765,ETW
1766,ESGS
1767,DGX
1768,TCFC
1769,TGI
1770,SBH
1771,OHAI
1772,SCWX
1773,AKAM
1774,BBY
1775,GHL
1776,SYKE
1777,UGI
1778,FLQD
1779,JPIH
1780,OKE
1781,ROSE
1782,SOHOO
1783,CRH
1784,AHL_C
1785,JEC
1786,TWX
1787,HLNE
1788,NKE
1789,KAP
1790,PXLW
1791,TESS
1792,FLAU
1793,NOV
1794,ALPN
1795,OACQR
1796,TICCL
1797,SBGI
1798,LOGI
1799,PCTY
1800,TDW
1801,CET
1802,DS_C
1803,BC
1804,MSM
1805,AMCA
1806,CIC-WS
1807,SEE
1808,CAG
1809,LBIX
1810,ITCB
1811,DDF
1812,LMRKO
1813,ONCE
1814,EDF
1815,ROSEW
1816,NXJ
1817,AUPH
1818,NTRSP
1819,BBU
1820,WLB
1821,PSA_F
1822,AKER
1823,OFG_A
1824,QVCA
1825,FLQH
1826,MSCI
1827,MTL
1828,CBU
1829,NHLD
1830,ADSK
1831,AQ
1832,FLS
1833,AIR
1834,BUI
1835,HYGS
1836,NUBD
1837,CHGX
1838,MJCO
1839,RGCO
1840,CUI
1841,HIE
1842,OLD
1843,KBLM
1844,ASET
1845,BUSE
1846,LFGR
1847,JAZZ
1848,STT_E
1849,TWOU
1850,BAK
1851,REI
1852,MSA
1853,HYT
1854,JRS
1855,USG
1856,FBSS
1857,QMOM
1858,UWT
1859,SWIR
1860,CASM
1861,MMAC
1862,ESV
1863,CLNS
1864,TSG
1865,CYCCP
1866,JW-B
1867,CNET
1868,XNY
1869,BPT
1870,SEDG
1871,LMNR
1872,NWHM
1873,BTG
1874,CPT
1875,HLX
1876,MFM
1877,ISSC
1878,CTG
1879,SP
1880,FMCI
1881,IMAX
1882,SPE
1883,NEPT
1884,BGH
1885,KTP
1886,EHIC
1887,SYNT
1888,LUB
1889,TRGP
1890,CHUY
1891,PHM
1892,HBIO
1893,MSFT
1894,PRAH
1895,SGY
1896,DL
1897,JPC
1898,ALO
1899,WYN
1900,ARCW
1901,LFUS
1902,URI
1903,EVK
1904,SBBX
1905,PN
1906,SSBI
1907,TRI
1908,NYH
1909,QADA
1910,GJP
1911,KKR_B
1912,SLGN
1913,CHSCN
1914,GNC
1915,FRAC
1916,KWN
1917,ICCC
1918,NYCB_A
1919,CNSF
1920,RXDX
1921,DD_B
1922,WERN
1923,PLPM
1924,CA
1925,MRO
1926,AMBC
1927,FSAC
1928,JWN
1929,TSQ
1930,CRR
1931,UE
1932,SALT
1933,CLNE
1934,MRSN
1935,FMAO
1936,SRC
1937,CVA
1938,RVP
1939,KEY
1940,RRC
1941,BY
1942,DISCB
1943,CEN
1944,HYB
1945,SAL
1946,FTAI
1947,ELEC
1948,PRE_I
1949,IMTB
1950,BEN
1951,TEDU
1952,NXP
1953,SILC
1954,XLRN
1955,RMPL_
1956,BWXT
1957,SMRT
1958,RH
1959,MCF
1960,SUN
1961,JBT
1962,MGU
1963,VEACU
1964,TNP_E
1965,SOV_C
1966,FIHD
1967,WAIR
1968,AKRX
1969,ETM
1970,NHA
1971,GLOP
1972,RUN
1973,MBCN
1974,MTZ
1975,CIM_A
1976,HDMV
1977,VLT
1978,AG
1979,MLQD
1980,SBR
1981,TGS
1982,HEMV
1983,BBC
1984,AINC
1985,PMF
1986,WHG
1987,LPI
1988,RBS_S
1989,GD
1990,TAP
1991,CW
1992,HXL
1993,ASPN
1994,KNDI
1995,PKE
1996,UEC
1997,RNEM
1998,TAXR
1999,ONB
2000,MAV
2001,PX
2002,NSEC
2003,ACCP
2004,TK
2005,ERN
2006,AFSI_C
2007,EVOL
2008,LEE
2009,SCVL
2010,PLSE
2011,FSBK
2012,NRCIB
2013,VII
2014,LENS
2015,FIX
2016,CCM
2017,JONE
2018,SNOA
2019,KTF
2020,CCMP
2021,FRBK
2022,SGY-WS
2023,ALEX
2024,EFL
2025,VIVE
2026,CPB
2027,SCAP
2028,WU
2029,SAND
2030,DUC
2031,DISH
2032,RACE
2033,SF
2034,DWAS
2035,AHPAU
2036,ALL_B
2037,NNN
2038,LAZ
2039,MDSO
2040,ARCM
2041,AGII
2042,FCVT
2043,KIRK
2044,XOM
2045,MRRL
2046,MESO
2047,TRS
2048,MEI
2049,TG
2050,PETS
2051,NUSA
2052,PKI
2053,SUPN
2054,BSCR
2055,GBLI
2056,BDL
2057,PDCO
2058,MPACW
2059,USMF
2060,WPXP
2061,MVF
2062,HSNI
2063,KSU_
2064,CDL
2065,TEO
2066,MXIM
2067,UQM
2068,SBFGP
2069,OBOR
2070,APOG
2071,STL
2072,ICSH
2073,WY
2074,NCBS
2075,GTYH
2076,CPN
2077,BBT_F
2078,OMP
2079,AMRH
2080,ADAP
2081,PLD
2082,BGR
2083,COF-WS
2084,EBS
2085,MITT_B
2086,GENE
2087,RGC
2088,PANW
2089,AMAG
2090,OASI
2091,TAHO
2092,GCOW
2093,CBIO
2094,BLVD
2095,CCA
2096,MUX
2097,FIT
2098,TBB
2099,SGC
2100,ARQL
2101,RYAM_A
2102,NURO
2103,RES
2104,FSACW
2105,ONCS
2106,CORR
2107,LGF-A
2108,GSIE
2109,TDA
2110,RAVE
2111,JRI
2112,JSYNU
2113,CYHHZ
2114,FF
2115,SHLO
2116,BWL-A
2117,RIVR
2118,GS_J
2119,ESL
2120,FRSX
2121,BMCH
2122,JMPB
2123,UWN
2124,NTES
2125,TWN
2126,BRQS
2127,DSL
2128,NDAQ
2129,NAKD
2130,CVM
2131,CTIB
2132,PSDO
2133,PIY
2134,EGN
2135,SMED
2136,CBO
2137,SFM
2138,AGM-A
2139,SONC
2140,ANDAU
2141,EPR
2142,TCBIL
2143,KFFB
2144,ESGE
2145,MHLA
2146,PCSB
2147,YIN
2148,TIME
2149,PRSS
2150,AZRE
2151,TTP
2152,VIST
2153,AMSF
2154,OHRP
2155,WFC_W
2156,DIVY
2157,XIN
2158,TPC
2159,UFI
2160,EFX
2161,GIL
2162,NETE
2163,LADR
2164,PHO
2165,NNN_F
2166,ZAGG
2167,ARDX
2168,XCEM
2169,BTE
2170,BONT
2171,AAON
2172,BLES
2173,MFO
2174,STT
2175,NAIL
2176,SR
2177,TCTL
2178,SPG
2179,GJR
2180,BFIN
2181,CHSCL
2182,SUPV
2183,DDR_K
2184,IRCP
2185,ABTX
2186,TLRD
2187,LPCN
2188,FCAP
2189,AOS
2190,AMBA
2191,CC
2192,PGLC
2193,WBS_E
2194,EFOI
2195,CARA
2196,RGEN
2197,CODX
2198,SPIL
2199,GIGA
2200,MDWD
2201,ABCD
2202,EVI
2203,MAB
2204,SSY
2205,ELSE
2206,OVBC
2207,SMTC
2208,MINI
2209,RORE
2210,OSLE
2211,TRK
2212,SWJ
2213,PPHMP
2214,RQI
2215,CHCI
2216,KFS
2217,PZN
2218,CATB
2219,GPRK
2220,ETY
2221,RELY
2222,CUK
2223,HIG
2224,MBTF
2225,MCR
2226,DTY
2227,MGA
2228,WFC_O
2229,DIVA
2230,SGYP
2231,BBW
2232,GEOS
2233,HBHC
2234,PSA_D
2235,GLQ
2236,TWO_A
2237,BAC_L
2238,DARE
2239,UNVR
2240,HCHC
2241,FFIU
2242,MTN
2243,FHB
2244,AMC
2245,COF_C
2246,HCLP
2247,EBTC
2248,DRYS
2249,NCTY
2250,SRCE
2251,NEE_H-CL
2252,KEM
2253,BOLD
2254,CRF
2255,TSE
2256,CVU
2257,FTVA
2258,ARR_B
2259,DST
2260,MYOV
2261,STL_A
2262,ALCO
2263,STT_G
2264,GRMN
2265,VLY_A
2266,TWOW
2267,JHMS
2268,GBIL
2269,PPLN
2270,TDY
2271,BPMP
2272,ATTU
2273,LNTH
2274,CEZ
2275,CAI
2276,QNST
2277,TCX
2278,NW_C-CL
2279,MGIC
2280,IXYS
2281,JQC
2282,MTB
2283,FHN
2284,EL
2285,AVXS
2286,GOVNI
2287,DCI
2288,AKAO
2289,AMSWA
2290,PDEX
2291,SBSI
2292,WLL
2293,PIM
2294,HWBK
2295,WTTR
2296,RP
2297,FMBI
2298,TTD
2299,VC
2300,MGM
2301,JBL
2302,EGIF
2303,KEMQ
2304,ETFC
2305,PDVW
2306,BCRH
2307,ABAX
2308,FRTA
2309,HT_C
2310,KEYS
2311,CEV
2312,BA
2313,EBSB
2314,CAE
2315,DDD
2316,AMGP
2317,BBBY
2318,FR
2319,NGHCP
2320,MTEX
2321,EDD
2322,ROSEU
2323,WOR
2324,AHT_G
2325,CXSE
2326,REG
2327,ROSG
2328,MGYR
2329,SOHOM
2330,ELVT
2331,TSI
2332,DSX
2333,TAYD
2334,NKG
2335,INF
2336,KAR
2337,OGCP
2338,ORIT
2339,SRCI
2340,DOTA
2341,CASC
2342,WM
2343,MFC
2344,VRNS
2345,STX
2346,DENN
2347,GASX
2348,FLGT
2349,LFC
2350,PCRX
2351,TY_
2352,JAKK
2353,BTI
2354,ATVI
2355,SCD
2356,QUMU
2357,FMS
2358,QHC
2359,ZTO
2360,JPM
2361,CCU
2362,DB
2363,BMRC
2364,BPOPM
2365,GMS
2366,MSBI
2367,BANFP
2368,EFT
2369,WMB
2370,MAN
2371,CNDT
2372,AMH_C
2373,TS
2374,MNKD
2375,CYAD
2376,OPGN
2377,URG
2378,GIGM
2379,ESEA
2380,MCRI
2381,CHEF
2382,TURN
2383,BSD
2384,IFIX
2385,ASTE
2386,FANH
2387,GTIM
2388,PBBI
2389,CIVI
2390,IFMK
2391,ENOR
2392,BEBE
2393,FSAM
2394,PLPC
2395,CO
2396,KSS
2397,NBRV
2398,RDI
2399,BDX
2400,FTV
2401,IVR_C
2402,FRC_C
2403,WBII
2404,RMTI
2405,MLI
2406,LINC
2407,NM_G
2408,IBO
2409,RZA
2410,STLRW
2411,ORAN
2412,NWBI
2413,C_P
2414,NH
2415,CHEKW
2416,ABX
2417,HSCZ
2418,NMIH
2419,INST
2420,CSGS
2421,PBI
2422,TRMT
2423,SPWH
2424,SNES
2425,STAG_B
2426,CEVA
2427,HEB
2428,STML
2429,ODP
2430,ARI
2431,LOW
2432,SYPR
2433,NDP
2434,BNTC
2435,DKS
2436,TOO_A
2437,PBHC
2438,SNC
2439,PED
2440,FISI
2441,CMRE
2442,MSON
2443,NSL
2444,ALLT
2445,ACV
2446,CLB
2447,VESH
2448,ISP-CL
2449,ELLO
2450,B
2451,FCNCA
2452,NUO
2453,PCG
2454,RRTS
2455,COR_A
2456,EMP
2457,LLEX
2458,SAEX
2459,ENTG
2460,AVAV
2461,HCA
2462,USRT
2463,PFSI
2464,WTID
2465,IGR
2466,EVGN
2467,VOXX
2468,KAMN
2469,DNN
2470,MYE
2471,HK
2472,NXEO
2473,WEX
2474,MTOR
2475,FBNK
2476,DXLG
2477,MAA_I
2478,ASG
2479,CRVL
2480,KREF
2481,LOMA
2482,LVNTA
2483,HTF-CL
2484,WRD
2485,INDUU
2486,CCRN
2487,HEWU
2488,INBK
2489,BASI
2490,GUT
2491,COLB
2492,DEEF
2493,HOLX
2494,MNGA
2495,HCM
2496,APU
2497,FUT
2498,TCF_D
2499,INVE
2500,EIO
2501,RNMC
2502,BCOR
2503,IPB
2504,LAKE
2505,PCK
2506,NQP
2507,MDLQ
2508,LGND
2509,HAIN
2510,AGI
2511,DIOD
2512,SNPS
2513,REEM
2514,HEWY
2515,MPVD
2516,ACLS
2517,BCS_D
2518,AWX
2519,ADMA
2520,FPI_B
2521,PSMC
2522,ULTA
2523,EQRR
2524,ENB
2525,DSPG
2526,ORN
2527,DNB
2528,CLWT
2529,VET
2530,MYI
2531,SOGO
2532,CPTAL
2533,COP
2534,ARNC_B
2535,APRI
2536,CALI
2537,INWK
2538,ANDA
2539,DLR
2540,FCF
2541,AFG
2542,NXEOU
2543,ABT
2544,HQL
2545,DEST
2546,RECN
2547,WPX
2548,GPI
2549,OBAS
2550,RWLK
2551,GOOG
2552,WBIE
2553,EGBN
2554,VEEV
2555,SNHNI
2556,TCF-WS
2557,FPI
2558,INTU
2559,NWS
2560,IRR
2561,SPPI
2562,SNBR
2563,OTTR
2564,KLAC
2565,AMLX
2566,SMMF
2567,AEY
2568,UNIT
2569,EXP
2570,PVG
2571,ATHM
2572,ASML
2573,SBNYW
2574,BYFC
2575,ZAYO
2576,USPH
2577,ARE
2578,BKMU
2579,ZF
2580,AFGH
2581,OILX
2582,ENZ
2583,INN_B
2584,UUUU-WS
2585,ISD
2586,BOH
2587,FPEI
2588,SCE_C
2589,KTWO
2590,NEXT
2591,ANFI
2592,TJX
2593,RTRX
2594,KINS
2595,SMLP
2596,FSNN
2597,LL
2598,TNK
2599,PLYM_A
2600,LPLA
2601,DYLS
2602,PCG_I
2603,DYN-WS-A
2604,TLND
2605,KCAP
2606,ARLZ
2607,PSB
2608,GRA
2609,BOBE
2610,SXE
2611,FRA
2612,CLDC
2613,VVC
2614,RVNC
2615,WBA
2616,V
2617,RHT
2618,BHE
2619,ITI
2620,EMD
2621,HLTH
2622,IBKC
2623,JPM_F
2624,MOSC-U
2625,TOUR
2626,FSIC
2627,FFC
2628,TIF
2629,SLG
2630,BWEN
2631,CHE
2632,MELI
2633,JPSE
2634,OR
2635,FBP
2636,RUBI
2637,VSEC
2638,ARKW
2639,TCO_K
2640,JHSC
2641,NULG
2642,MMS
2643,CNHI
2644,FUL
2645,VALE
2646,MFINL
2647,TPRE
2648,TNDM
2649,CSSE
2650,ANTH
2651,AGGP
2652,IAE
2653,MOC
2654,DX_A
2655,ADHD
2656,HAE
2657,LKFN
2658,SYK
2659,MPWR
2660,NHLDW
2661,SLIM
2662,GDS
2663,CTEK
2664,PEP
2665,EOT
2666,FENC
2667,PAC
2668,KBWB
2669,QEP
2670,ZSAN
2671,FDS
2672,SATS
2673,MB
2674,QXMI
2675,HIHO
2676,RGLB
2677,EVBG
2678,WTS
2679,NCI
2680,MHN
2681,JRJC
2682,NXTD
2683,GSVC
2684,BPRN
2685,ELJ
2686,FGBI
2687,GGM
2688,PFN
2689,SMI
2690,CIK
2691,VCO
2692,DYNC
2693,DHY
2694,TOWN
2695,MYSZ
2696,AMT_B
2697,MN
2698,DOX
2699,MENU
2700,BGCP
2701,AEM
2702,BNJ
2703,IBML
2704,LVHB
2705,SPTN
2706,ANCX
2707,CDEV
2708,LAMR
2709,AVB
2710,EROS
2711,FWP
2712,CLAR
2713,HBANN
2714,AGCO
2715,WSR
2716,INGN
2717,DMPI
2718,EXD
2719,RXII
2720,NP
2721,FSLR
2722,CIG
2723,SAN_B
2724,IVFGC
2725,SASR
2726,CMT
2727,ELF
2728,BIG
2729,GBAB
2730,SPSC
2731,WGP
2732,NICE
2733,RIV
2734,WCC
2735,HOMB
2736,GOOS
2737,GTN
2738,ALXN
2739,EXTR
2740,ECHO
2741,BZH
2742,VSDA
2743,REGI
2744,BLIN
2745,SXI
2746,AXTI
2747,FTXL
2748,WNRL
2749,PCG_E
2750,SHIPW
2751,MDXG
2752,KOS
2753,NLY_F
2754,SCACU
2755,IDT
2756,PRMW
2757,QUAD
2758,JKHY
2759,HCAC
2760,XNCR
2761,HSEA
2762,EPRF
2763,CBAY
2764,ADC
2765,SIFI
2766,GAB
2767,NRZ
2768,ENV
2769,CMSS
2770,TISA
2771,ATR
2772,VEDL
2773,BNED
2774,APA
2775,FOGO
2776,SPAB
2777,CDTI
2778,KMPH
2779,DAKT
2780,PTC
2781,NFX
2782,EZT
2783,AXDX
2784,LNC-WS
2785,LEAD
2786,HTGM
2787,USAC
2788,ACN
2789,CDR_C
2790,CHI
2791,TPGE
2792,NUW
2793,SNDE
2794,Z
2795,CCBG
2796,EOCC
2797,SAP
2798,BPMX
2799,GABC
2800,KEYW
2801,DWPP
2802,MRDN
2803,CAA
2804,VUZI
2805,CHSP
2806,ALGT
2807,BAA
2808,JPIN
2809,TSM
2810,IDTI
2811,NTAP
2812,HFRO
2813,AYI
2814,AMPH
2815,EAGLU
2816,NTEC
2817,NESRW
2818,USM
2819,INB
2820,BRN
2821,RNSC
2822,FRSH
2823,LOGO
2824,CGBD
2825,ACRS
2826,MRCC
2827,DWSN
2828,DCM
2829,JYNT
2830,FLY
2831,SONS
2832,BCAC
2833,AGNCB
2834,BOKFL
2835,PII
2836,WLH
2837,BAC_D
2838,TECD
2839,MTFB
2840,MSCC
2841,ISRG
2842,HIO
2843,OLN
2844,RT
2845,TXMD
2846,PRSC
2847,CQP
2848,AJRD
2849,DTQ
2850,VG
2851,MGI
2852,STAA
2853,IIJI
2854,ABEO
2855,UPS
2856,KBH
2857,LGI
2858,ESGU
2859,CWS
2860,SCHW_B-CL
2861,AMH_G
2862,DVA
2863,TRC
2864,CPRX
2865,ASGN
2866,BSPM
2867,NUDM
2868,KAAC
2869,YORW
2870,EVA
2871,CBMXW
2872,TAL
2873,CNSL
2874,ATUS
2875,LEXEA
2876,NEWS
2877,XXII
2878,PKY
2879,UAL
2880,RLJE
2881,MTDR
2882,ADES
2883,MFG
2884,OIS
2885,MBT
2886,BRSS
2887,LMNX
2888,ONVO
2889,MH_C
2890,ADRO
2891,FSBW
2892,IDEV
2893,PWOD
2894,MUH
2895,DF
2896,AMED
2897,DFP
2898,JPI
2899,RATE
2900,ALE
2901,BGB
2902,PLT
2903,SINO
2904,RGS
2905,PHG
2906,WTFCM
2907,SRVA
2908,MOXC
2909,IPHS
2910,GJV
2911,FEDU
2912,GNE
2913,VNCE
2914,TTAI
2915,GT
2916,GSHTW
2917,CG
2918,BRG_A
2919,APLE
2920,DLR_J
2921,TRST
2922,BOMN
2923,EVM
2924,LEU
2925,BSL
2926,PH
2927,STAR_D
2928,GAB_J
2929,AVID
2930,CSL
2931,CIEN
2932,SWN
2933,CPRT
2934,PLX
2935,RCL
2936,TWMC
2937,CFCOW
2938,PHK
2939,GENY
2940,SCL
2941,PRAN
2942,MLPZ
2943,ITEK
2944,MLTI
2945,EMTL
2946,FLCO
2947,SPNE
2948,NML
2949,BTA
2950,GWRS
2951,CYBR
2952,DWAC
2953,ATEN
2954,CNBKA
2955,PYT
2956,PSTB
2957,USA
2958,SBCP
2959,INN
2960,ESP
2961,NGL_B
2962,VGFO
2963,BAM
2964,STT_C
2965,EMES
2966,VKI
2967,TAP-A
2968,MEAR
2969,MSG
2970,NTRS
2971,BRFS
2972,ICBK
2973,ANY
2974,SNFCA
2975,EDBI
2976,EMQQ
2977,INOD
2978,TCBIP
2979,SPOK
2980,UTL
2981,MOMO
2982,ZKIN
2983,GPRO
2984,MCV
2985,CUO
2986,SQM
2987,RFCI
2988,TANNL
2989,AGNCN
2990,ECA
2991,GLU
2992,XONE
2993,RBB
2994,TECH
2995,TCP
2996,CBS
2997,AMG
2998,CBSHP
2999,ED
3000,TGC
3001,COF_G
3002,AIT
3003,HVBC
3004,FTFT
3005,TSBK
3006,HIFR
3007,XOXO
3008,NMT
3009,WTFC
3010,FNLC
3011,QXGG
3012,DOVA
3013,NTCT
3014,TCPC
3015,HLF
3016,LBTYA
3017,UMH_C
3018,DUK
3019,CTY
3020,SN
3021,WIA
3022,CVCO
3023,KTN
3024,GRX_A
3025,DTYS
3026,BCE
3027,FMC
3028,OASM
3029,AAXN
3030,MGLN
3031,MLPB
3032,CBMX
3033,FSBC
3034,CWCO
3035,VIA
3036,CCE
3037,ACSI
3038,CRESY
3039,XINA
3040,FFHG
3041,JBSS
3042,AKTS
3043,BWG
3044,PHII
3045,RNR_E
3046,SECT
3047,ERF
3048,GLOG_A
3049,ARCI
3050,BST
3051,ORLY
3052,MYND
3053,AXS
3054,SMPL
3055,SAIA
3056,ITUB
3057,CHSCP
3058,RDY
3059,NYV
3060,EAI
3061,VR_A
3062,CPAC
3063,FCAL
3064,FOXA
3065,TAX
3066,RFI
3067,PSA_X
3068,BANC
3069,BBK
3070,RIBT
3071,MER_P
3072,FOANC
3073,MTR
3074,CBK
3075,ENIA
3076,MPA
3077,CFX
3078,ASRV
3079,CYTX
3080,NKTR
3081,LODE
3082,ARAY
3083,IMH
3084,ETE
3085,BCRX
3086,NHI
3087,TLGT
3088,MCN
3089,DTE
3090,OHI
3091,BBRX
3092,RAD
3093,PNC-WS
3094,BEF
3095,UITB
3096,PJC
3097,AKBA
3098,CEF
3099,TDE
3100,VKQ
3101,FB
3102,DDT
3103,TANH
3104,ABBV
3105,PEI_D
3106,KORS
3107,HCN_I
3108,CASS
3109,GS_N
3110,GDV_A
3111,AZUL
3112,MDC
3113,HASI
3114,AQMS
3115,CVI
3116,JEQ
3117,COWNL
3118,RL
3119,MCB
3120,DPZ
3121,PNNT
3122,HIW
3123,AZO
3124,STAY
3125,CQH
3126,ACAD
3127,ALSN
3128,WCFB
3129,UTX
3130,BQH
3131,WSFS
3132,SRDX
3133,CBG
3134,LHO_J
3135,AMS
3136,NMFC
3137,VLP
3138,SFE
3139,RFTA
3140,AC
3141,NOMD
3142,VHC
3143,SPXC
3144,SLG_I
3145,BBG
3146,ALDR
3147,EGF
3148,PTEU
3149,MVIN
3150,SVT
3151,TSU
3152,UA
3153,LIFE
3154,SRG
3155,JPME
3156,TTWO
3157,CVE
3158,RBPAA
3159,CENTA
3160,DSX_B
3161,RVT
3162,MTRX
3163,FLEX
3164,GS_B
3165,BOLT
3166,LXFT
3167,TDI
3168,IFLY
3169,SAH
3170,FN
3171,TCAP
3172,SSTI
3173,PPHM
3174,UBP_H
3175,NERV
3176,JHMC
3177,CADC
3178,BML_I
3179,KRA
3180,PFIN
3181,CNTY
3182,FMO
3183,BPOP
3184,SCX
3185,CCI
3186,CRME
3187,ZTS
3188,VER_F
3189,GMO
3190,COTY
3191,XCRA
3192,BCI
3193,IRDM
3194,EGHT
3195,ATAI
3196,CNCE
3197,CPF
3198,SB
3199,LKOR
3200,CTU
3201,EVLV
3202,SREV
3203,EQT
3204,BTU
3205,PAYC
3206,ALL_F
3207,TAT
3208,AKP
3209,CS
3210,RVRS
3211,MSEX
3212,COST
3213,SYMX
3214,POR
3215,EAE
3216,SSI
3217,MAR
3218,WRLSR
3219,SWZ
3220,SMTS
3221,CSX
3222,ERJ
3223,NBEV
3224,SPMO
3225,EVY
3226,LEA
3227,OIBR-C
3228,BSX
3229,APHB
3230,TLEH
3231,GPACW
3232,GLMD
3233,SHO_E
3234,CUBN
3235,RSO_A
3236,CIC
3237,EWUS
3238,DLB
3239,CGIX
3240,AMOV
3241,KEQU
3242,PSB_W
3243,BWINA
3244,SIR
3245,CMP
3246,IPAS
3247,NPN
3248,GCV
3249,WYIGU
3250,HEFV
3251,IIVI
3252,AGIIL
3253,WCG
3254,BSJN
3255,PTNQ
3256,SRUNW
3257,CEQP
3258,MHF
3259,PYDS
3260,IDXX
3261,XENE
3262,IMOS
3263,PUI
3264,XTNT
3265,DFS_B
3266,KMG
3267,FLMB
3268,NCA
3269,EXPE
3270,C_L
3271,MOBL
3272,TWTR
3273,HRB
3274,SPKEP
3275,GMTA
3276,SMMV
3277,ANGO
3278,OIIM
3279,KYE
3280,NSP
3281,CZWI
3282,ZNH
3283,CERN
3284,ISZE
3285,PICO
3286,STMP
3287,WWE
3288,INCY
3289,ZYNE
3290,IAM
3291,ATV
3292,ENPH
3293,STKS
3294,KBLMU
3295,CMCSA
3296,PPT
3297,UZA
3298,NBO
3299,HUNTW
3300,SODA
3301,HTA
3302,TSLF
3303,IPDN
3304,NUS
3305,AWRE
3306,IGEM
3307,CSBR
3308,PGH
3309,NS_A
3310,GBX
3311,EML
3312,CVLT
3313,ONSIW
3314,HVT-A
3315,FBIZ
3316,WHFBL
3317,DYN
3318,MNDO
3319,FFWM
3320,VRX
3321,FTXH
3322,EPAM
3323,MNE
3324,TZOO
3325,HDP
3326,CRVP
3327,ENSV
3328,XBIT
3329,JOUT
3330,GLBS
3331,PCG_A
3332,COOL
3333,HEWI
3334,FAF
3335,DNR
3336,TNC
3337,DLBL
3338,BATRK
3339,HHYX
3340,IPCC
3341,BKS
3342,ENR
3343,TROX
3344,ECYT
3345,MFDX
3346,IPGP
3347,SCE_K
3348,ISL
3349,EARS
3350,GUT_A
3351,PTLA
3352,FLXN
3353,TGP_B
3354,KWN-CL
3355,GECCL
3356,GM-WS-B
3357,R
3358,RHP
3359,NWPX
3360,LBRDK
3361,AGRX
3362,GBT
3363,JPM_B
3364,VLGEA
3365,RSPP
3366,BRKL
3367,TACO
3368,TMQ
3369,HAIR
3370,KE
3371,FFG
3372,IVAC
3373,DIS
3374,CLR
3375,USAK
3376,XPO
3377,CHA
3378,HTM
3379,NAUH
3380,AGU
3381,ACXM
3382,DDEZ
3383,PPX
3384,RBCN
3385,VSAT
3386,KAACW
3387,LTRPB
3388,SCE_G
3389,EMKR
3390,TISI
3391,LH
3392,AXGN
3393,NSYS
3394,CUDA
3395,PULM
3396,VYMI
3397,COL
3398,GNMK
3399,NEN
3400,VAMO
3401,PSF
3402,BXP
3403,CHNR
3404,DYB
3405,JBLU
3406,AXTA
3407,STLR
3408,CINR
3409,CXP
3410,FTXD
3411,MNI
3412,GMFL
3413,SPDW
3414,APEI
3415,ETMW
3416,BHAC
3417,WTW
3418,VNO_I
3419,SENS
3420,LLY
3421,EWBC
3422,DRAD
3423,MICR
3424,FTF
3425,UONE
3426,TMHC
3427,ADOM
3428,WBIY
3429,LAND
3430,BIO
3431,SNAP
3432,CTBB
3433,ULVM
3434,VTVT
3435,SMM
3436,MPCT
3437,HALO
3438,OPB
3439,NX
3440,HTBX
3441,CIO
3442,MEIP
3443,PRH
3444,GSK
3445,SPGI
3446,UUUU
3447,CONN
3448,SCHL
3449,DLTR
3450,AMRHW
3451,XEC
3452,TBNK
3453,PTMC
3454,PAG
3455,FENG
3456,HDAW
3457,BPFH
3458,AAV
3459,TKR
3460,BHACU
3461,FORK
3462,CUBI_C
3463,VRTX
3464,AEE
3465,NEV
3466,NEOT
3467,ZION
3468,HDSN
3469,AMZN
3470,USB_A
3471,KBAL
3472,HFXI
3473,XELA
3474,EPAY
3475,CXH
3476,PSMG
3477,CYS_B
3478,OILD
3479,SIFY
3480,WVVI
3481,KODK-WS
3482,WAC
3483,UBFO
3484,FBNC
3485,PFGC
3486,ADS
3487,DEUS
3488,AAPL
3489,COT
3490,XGTI
3491,VAC
3492,ICLR
3493,HMSY
3494,COHU
3495,PMOM
3496,IGZ
3497,SPAR
3498,CLNS_D
3499,ARKK
3500,DMRI
3501,FLHK
3502,GOODM
3503,STOT
3504,QTS
3505,SSW_D
3506,FFTG
3507,HCI
3508,INVA
3509,ZNWAA
3510,BLJ
3511,BCOV
3512,WATT
3513,PCO
3514,SPG_J
3515,GBL
3516,OBSV
3517,EMX
3518,USAS
3519,HPF
3520,RMBS
3521,CECE
3522,IOVA
3523,FTRPR
3524,AGM
3525,CHY
3526,ON
3527,FDLO
3528,ELECU
3529,ARH_C
3530,GGT_E
3531,GDO
3532,AGTC
3533,FNTEW
3534,IBIO
3535,BCACW
3536,WSO-B
3537,OMCL
3538,AAN
3539,MXC
3540,ARI_C
3541,BRID
3542,GSS
3543,PHIIK
3544,GIMO
3545,SPCB
3546,ESDIW
3547,GPMTW
3548,DWLD
3549,FSS
3550,CBSH
3551,CYOU
3552,MKL
3553,ARA
3554,UHT
3555,PBA
3556,SGRP
3557,CALM
3558,RIF
3559,GUDB
3560,ANDE
3561,ISNS
3562,AFC
3563,FCB
3564,DUSA
3565,RMGN
3566,OCRX
3567,TOPS
3568,CMD
3569,HQH
3570,DESP
3571,SIF
3572,SVRA
3573,MFUS
3574,NMK_B
3575,GPM
3576,GLDD
3577,WBIA
3578,LINK
3579,MOS
3580,GSUM
3581,DGLY
3582,AABA
3583,ZN
3584,SHPG
3585,VALU
3586,EFAX
3587,SBLK
3588,ANTX
3589,INGR
3590,FDC
3591,MGEN
3592,TOWR
3593,SJT
3594,TKF
3595,IDLB
3596,LSBK
3597,PVBC
3598,PEB_D
3599,RNG
3600,WDR
3601,NSH
3602,EOD
3603,MTB-WS
3604,TMK_C
3605,BLKB
3606,HBK
3607,CNMD
3608,FTR
3609,FRC_G
3610,VTC
3611,MLM
3612,MOFG
3613,AIRG
3614,EXTN
3615,NITE
3616,NL
3617,FCN
3618,NATR
3619,CPHC
3620,IOSP
3621,DHI
3622,CPLP
3623,TLK
3624,WGL
3625,NPV
3626,CALA
3627,MACQ
3628,EHI
3629,CFMS
3630,ABR_C
3631,NAVB
3632,SOI
3633,CREG
3634,HST
3635,UCFC
3636,ARES_A
3637,ULTI
3638,ENJ
3639,BKK
3640,IIPR
3641,CMO_E
3642,FNWB
3643,GEM
3644,ALIM
3645,BOX
3646,ASC
3647,EPR_F
3648,USB_M
3649,TYG
3650,QSR
3651,HFXE
3652,AWP
3653,CINF
3654,YTEN
3655,AYTU
3656,CLF
3657,PBND
3658,HPJ
3659,ASCMA
3660,XTH
3661,CHU
3662,HTY
3663,F
3664,PGP
3665,GBDC
3666,POWI
3667,EXFO
3668,EIG
3669,KIM_K
3670,ANAT
3671,IROQ
3672,MDLY
3673,RILY
3674,HGV
3675,JHB
3676,MMC
3677,SSW_H
3678,MS_F
3679,JXSB
3680,NBW
3681,FCE-A
3682,EQBK
3683,PPL
3684,ICE
3685,CLNS_H
3686,HIIQ
3687,SPEM
3688,ARKG
3689,FIBR
3690,ALP_Q
3691,RLGT
3692,OUSA
3693,EMMS
3694,PFH
3695,VGZ
3696,LEDS
3697,BKYI
3698,FCX
3699,MITL
3700,AFST
3701,PENN
3702,CIM
3703,ADXS
3704,KMI
3705,RGLD
3706,VNO_K
3707,IFN
3708,MHH
3709,FTD
3710,CRTN
3711,IRL
3712,MMYT
3713,DRIOW
3714,SIGM
3715,INPX
3716,KBWD
3717,AFTY
3718,FTNT
3719,AAT
3720,HRL
3721,HDEF
3722,BHACW
3723,RDWR
3724,MD
3725,AEG
3726,IEP
3727,IAC
3728,AVH
3729,HEP
3730,SCHN
3731,FSI
3732,EGAN
3733,ZX
3734,UCTT
3735,SNSS
3736,OPOF
3737,ARKQ
3738,PTI
3739,EQFN
3740,KAACU
3741,MMU
3742,PLOW
3743,XIVH
3744,NTLA
3745,CUTR
3746,STON
3747,NYMTO
3748,P
3749,ANAB
3750,WRB_C
3751,WFT
3752,DMB
3753,SAVE
3754,OCSL
3755,MBIN
3756,LKSD
3757,AUMN
3758,ORCL
3759,JDIV
3760,JASNW
3761,WVE
3762,TNAV
3763,AIB-CL
3764,NEON
3765,AHPA
3766,CNOB
3767,SXC
3768,ACGLO
3769,AWF
3770,LILA
3771,MNK
3772,SAFT
3773,HCRF
3774,NRP
3775,INN_D
3776,TROV
3777,QDEL
3778,DCPH
3779,SCE_E
3780,UNM
3781,PPBI
3782,USFD
3783,ADI
3784,FULLL
3785,HY
3786,EYEG
3787,RDS-B
3788,CRBP
3789,HPP
3790,ACH
3791,LBDC
3792,TIL
3793,TCHF
3794,SLM
3795,AAWW
3796,GFI
3797,WBK
3798,TBLU
3799,EMN
3800,JHX
3801,CMSSR
3802,GDVD
3803,KBLMW
3804,EBMT
3805,RRGB
3806,UZC
3807,HIMX
3808,REFA
3809,PFSW
3810,SBNA
3811,HUNTU
3812,SB_C
3813,BITA
3814,DNP
3815,CNXR
3816,OXLC
3817,GVIP
3818,SMHI
3819,LLQD
3820,AFHBL
3821,EFSC
3822,NVO
3823,PTLC
3824,GUT_C
3825,PDT
3826,BAC-WS-A
3827,BNTCW
3828,OAS
3829,ADMS
3830,WPG_I
3831,VVI
3832,SNV_C
3833,CSRA
3834,SWCH
3835,PCG_C
3836,RGNX
3837,FIEE
3838,ARLP
3839,LNG
3840,MFSF
3841,MHD
3842,SOVB
3843,STNL
3844,OCC
3845,NTIP
3846,TPGH-WS
3847,PUK
3848,VNO_G
3849,MATW
3850,HRTX
3851,C_N
3852,FFBC
3853,MRLN
3854,RSO_C
3855,DBRT
3856,NATH
3857,CIA
3858,HUM
3859,AMOT
3860,PSB_U
3861,PRKR
3862,PPDF
3863,JE
3864,ALOT
3865,WYIGW
3866,OUSM
3867,GGG
3868,MACK
3869,PFD
3870,SRUNU
3871,AVD
3872,RAND
3873,TFSL
3874,DXB
3875,ARW
3876,VST
3877,JSMD
3878,SUMR
3879,WST
3880,TOO
3881,FVAL
3882,OSUR
3883,SMMT
3884,AEK
3885,VRTV
3886,PCLN
3887,GRBK
3888,LXU
3889,KONE
3890,INTG
3891,FGEN
3892,LVHD
3893,MTNB
3894,IBMJ
3895,HYXE
3896,JMLP
3897,PAI
3898,HAYU
3899,STLD
3900,ASA
3901,USB_O
3902,IMMY
3903,AWR
3904,FTXR
3905,OAK
3906,WRB
3907,NAK
3908,ESNC
3909,OBCI
3910,COKE
3911,GS_I-CL
3912,CREE
3913,TORM
3914,LXP_C
3915,MYC
3916,EYES
3917,TTNP
3918,ENDP
3919,SKX
3920,ROK
3921,VKTXW
3922,APPS
3923,GLUU
3924,BKI
3925,DTUL
3926,GEO
3927,GMED
3928,HGT
3929,FFTI
3930,ENTA
3931,NSIT
3932,JLS
3933,IGT
3934,AGO_E
3935,FLLV
3936,ZEUS
3937,CLNS_J
3938,SBNY
3939,PODD
3940,YGE
3941,BBOX
3942,KS
3943,ACP
3944,CLD
3945,AMNB
3946,AGC
3947,CHW
3948,ELLI
3949,PGR
3950,FBMS
3951,D
3952,WBS
3953,BPFHW
3954,BLD
3955,KIM_I
3956,RF_B
3957,SRCLP
3958,AES
3959,SNE
3960,PEB
3961,NWY
3962,PACB
3963,BK_C
3964,CYH
3965,IVTY
3966,SYY
3967,QVM
3968,CNNX
3969,CTRE
3970,HBANP
3971,XSHQ
3972,BHBK
3973,RXN_A
3974,DLX
3975,EIGR
3976,NVUS
3977,FDMO
3978,RYAAY
3979,OTG
3980,TLI
3981,FITB
3982,DDWM
3983,VMAX
3984,DOOR
3985,GRAM
3986,NTG
3987,ABR_A
3988,HBI
3989,FRC_E
3990,DOTAR
3991,VTA
3992,CBPX
3993,NBLX
3994,LAYN
3995,SBOW
3996,RUSHA
3997,BVSN
3998,CSPI
3999,KIN
4000,GPC
4001,FLMX
4002,BMLA
4003,BYD
4004,GWB
4005,DLTH
4006,PNBK
4007,CYD
4008,SFBC
4009,AVP
4010,FAST
4011,ARC
4012,ELECW
4013,PEN
4014,PNC_P
4015,IRT
4016,UBCP
4017,FNTEU
4018,BCACU
4019,CNX
4020,AAL
4021,IO
4022,LGLR
4023,CLRO
4024,IOTS
4025,BELFB
4026,TDOC
4027,SNI
4028,NGD
4029,SGEN
4030,AIRI
4031,INDB
4032,WTM
4033,VEAC
4034,WBIC
4035,RY_T
4036,NXPI
4037,CZZ
4038,HUBB
4039,MCHX
4040,HIG-WS
4041,ALKS
4042,MITT
4043,CLUB
4044,FFBW
4045,GCAP
4046,ABR
4047,DHG
4048,SID
4049,ROG
4050,BKE
4051,JE_A
4052,GEC
4053,OMFS
4054,CBAK
4055,SAUC
4056,GALT
4057,VER
4058,KLDX
4059,PRME
4060,MYO
4061,HA
4062,WNEB
4063,SKT
4064,INFR
4065,WRN
4066,AKO-B
4067,KKR
4068,CRD-B
4069,SCHW_C
4070,ASM
4071,PMT_B
4072,IMMU
4073,WMIH
4074,H
4075,MFGP
4076,BLH
4077,NUE
4078,GTN-A
4079,TRHC
4080,PCM
4081,DSWL
4082,ITW
4083,CMTL
4084,POST
4085,DTRM
4086,CLH
4087,PLXS
4088,TMK
4089,ICON
4090,AGO
4091,CLTL
4092,BYSI
4093,VFL
4094,HMTV
4095,NBY
4096,CVM-WS
4097,NFJ
4098,VCEL
4099,IGVT
4100,GOODO
4101,AVEO
4102,MMM
4103,UTSL
4104,AFAM
4105,USVM
4106,FMHI
4107,CCOR
4108,VMIN
4109,VVUS
4110,EDN
4111,DLNG_A
4112,JHMU
4113,NSSC
4114,BK
4115,UTMD
4116,BWLD
4117,PRGO
4118,SEM
4119,NGHCZ
4120,MTRN
4121,GIFI
4122,EXXI
4123,NUEM
4124,CASI
4125,CNAC
4126,OCIO
4127,PBPB
4128,SFIG
4129,JAX
4130,TSC
4131,FDVV
4132,DELT
4133,QD
4134,CVS
4135,GGN_B
4136,KODK-WS-A
4137,TWLO
4138,EGP
4139,PSA_B
4140,GLW
4141,ECC
4142,FLQL
4143,PMT
4144,SSWA
4145,SFS
4146,AME
4147,MTH
4148,SHOO
4149,SCSC
4150,TGA
4151,AIV
4152,HZN
4153,AU
4154,CHCO
4155,GLOB
4156,QQQX
4157,ECCY
4158,LTXB
4159,NHS
4160,RDHL
4161,HOFT
4162,DUKH
4163,VNRX
4164,KCNY
4165,DLR_H
4166,LAD
4167,CARG
4168,EVO
4169,ABCB
4170,ONP
4171,AFMD
4172,STAR_F
4173,OCLR
4174,GAB_H
4175,TY
4176,CYAN
4177,KMI_A
4178,GJT
4179,PKW
4180,RDC
4181,BDR
4182,QTNA
4183,STPP
4184,GV
4185,GSHTU
4186,RPAI_A
4187,CDR
4188,NDSN
4189,BRG_C
4190,FNG
4191,CE
4192,MRK
4193,BSWN
4194,CVTI
4195,BOJA
4196,RYTM
4197,POOL
4198,MOLC
4199,WG
4200,SRTSW
4201,ST
4202,RDIB
4203,OMN
4204,ENH_C
4205,CRZO
4206,HCAC-WS
4207,CBB_B
4208,SPA
4209,QXTR
4210,DFVL
4211,HBHCL
4212,MDGS
4213,CFCOU
4214,EXIV
4215,SINA
4216,VCYT
4217,CTHR
4218,PHI
4219,AXON
4220,BGNE
4221,ALK
4222,CELP
4223,ASTC
4224,MVT
4225,DEL
4226,CI
4227,STI-WS-A
4228,UTLF
4229,MANT
4230,KSU
4231,UAN
4232,GNK
4233,DDR_A
4234,PBUS
4235,AXE
4236,PF
4237,AMH_E
4238,GAB_D
4239,LPTX
4240,HON
4241,CSB
4242,TU
4243,KTOV
4244,MTSL
4245,MOG-A
4246,MHNC
4247,EVC
4248,SBBP
4249,MH_A
4250,MQY
4251,AHT
4252,MUJ
4253,DD
4254,ALG
4255,CCS
4256,HWCC
4257,PZRX
4258,CVCY
4259,WIW
4260,SBRA
4261,EFR
4262,MMDMR
4263,BCS
4264,SUSB
4265,UBP
4266,BIOL
4267,WK
4268,MRUS
4269,XHR
4270,CTO
4271,HHC
4272,VBND
4273,SENEA
4274,FLGR
4275,IPXL
4276,LOAN
4277,NIQ
4278,FLCA
4279,RPM
4280,BTO
4281,IHC
4282,ABDC
4283,CRL
4284,MDU
4285,CPST
4286,GMLP
4287,VBLT
4288,EAGLW
4289,PYZ
4290,EVGBC
4291,CHDN
4292,TRVG
4293,ALTY
4294,ESDI
4295,UNFI
4296,IBUY
4297,KEG
4298,NGLS_A
4299,LOGM
4300,PRCP
4301,SAR
4302,ZIONZ
4303,TDW-WS-A
4304,CWAI
4305,TDS
4306,FOE
4307,BG
4308,MSI
4309,FDEU
4310,FT
4311,ADTN
4312,ANW
4313,CAC
4314,LSI
4315,BEP
4316,IRBT
4317,PNF
4318,EMAN
4319,GNTX
4320,NXN
4321,BAC
4322,AIMC
4323,RYAM
4324,SRTS
4325,MCX
4326,NYLD-A
4327,DWDP
4328,EEFT
4329,SUP
4330,FRPT
4331,KFY
4332,IIM
4333,ZBZX
4334,HT_E
4335,CATH
4336,ESGW
4337,STRL
4338,CBL_E
4339,MTD
4340,USOD
4341,SOJB
4342,LIVN
4343,CETXW
4344,MPW
4345,DCO
4346,AIZ
4347,BOXL
4348,TPGE-WS
4349,GRP-U
4350,PMX
4351,MSCA
4352,GBNK
4353,VEON
4354,GNE_A
4355,NVLN
4356,HAUD
4357,MIME
4358,CLLS
4359,OII
4360,EGLE
4361,SQNS
4362,AMRB
4363,CTW
4364,CMLS
4365,NMZ
4366,COGT
4367,GWRE
4368,ALL_D
4369,WFE_A
4370,SPNS
4371,AHL
4372,CCK
4373,JPS
4374,MUR
4375,DLNG
4376,TCCB
4377,EMCF
4378,MDVXW
4379,BGX
4380,GNRC
4381,WTFCW
4382,NZF
4383,XOG
4384,AVIR
4385,DRH
4386,MSDIW
4387,SWX
4388,OTIV
4389,UFPT
4390,TM
4391,HOV
4392,AFSI_E
4393,ERH
4394,RISE
4395,GST_A
4396,CARS
4397,DXTR
4398,APLS
4399,XFLT
4400,GPACU
4401,KOSS
4402,JSM
4403,QIWI
4404,AKR
4405,PTCT
4406,TWNK
4407,AKCA
4408,KSM
4409,ANH_B
4410,PDCE
4411,TCF
4412,DGSE
4413,STRT
4414,GNCMA
4415,MPO
4416,AA
4417,FLC
4418,HACV
4419,MRCY
4420,SBT
4421,PSA_V
4422,INXN
4423,EDUC
4424,ZBIO
4425,GRNB
4426,EMBH
4427,YOGA
4428,CPTA
4429,PLAB
4430,PAVMW
4431,TANNZ
4432,DTK
4433,OAKS_A
4434,JBR
4435,TNP_C
4436,HSBC_A
4437,HLIT
4438,KBR
4439,SMBC
4440,PEBK
4441,USLB
4442,NGHCN
4443,FL
4444,CENT
4445,WUSA
4446,AMGN
4447,CWEB
4448,SSTK
4449,LMFAW
4450,KIDS
4451,NURE
4452,JHMA
4453,KRC
4454,ALGN
4455,HMNY
4456,FCSC
4457,ZEN
4458,CRT
4459,SRE
4460,GOGO
4461,CVG
4462,SBCF
4463,MDVX
4464,BRT
4465,FNJN
4466,LMHA
4467,TESO
4468,ETG
4469,JCAP
4470,ECCA
4471,SWNC
4472,EBAYL
4473,GARD
4474,WFC_Q
4475,AOXG
4476,LXRX
4477,WMGI
4478,PSA_Z
4479,TPIV
4480,PML
4481,EXLS
4482,GLO
4483,CIC-U
4484,BFZ
4485,MTP
4486,CBI
4487,ACRE
4488,ENIC
4489,BREW
4490,MPC
4491,ADSW
4492,AM
4493,FLO
4494,AIN
4495,CWBC
4496,INT
4497,BRX
4498,PYN
4499,TLDH
4500,PCTI
4501,MAXR
4502,CVRR
4503,SWIN
4504,HAWX
4505,SRI
4506,PNR
4507,XOMA
4508,SRPT
4509,ESSA
4510,FPP-WS
4511,JHMM
4512,CORT
4513,LOPE
4514,BML_G
4515,KRO
4516,HYH
4517,TMST
4518,IDCC
4519,TDG
4520,CENX
4521,JRO
4522,CAW
4523,NTRI
4524,IBDR
4525,BGT
4526,ONEV
4527,FRBA
4528,GENC
4529,WHLR
4530,DFRG
4531,PBI_B
4532,EFF
4533,ITEQ
4534,AIG-WS
4535,GFED
4536,HABT
4537,CELH
4538,SHNY
4539,BKSC
4540,GORO
4541,NIE
4542,PTSI
4543,JJSF
4544,KGC
4545,ALRN
4546,VIVO
4547,JCP
4548,VRNA
4549,UHAL
4550,MLCO
4551,RPAI_A-CL
4552,AMRN
4553,ARTW
4554,PKO
4555,ADXSW
4556,EEX
4557,NYT
4558,KSA
4559,IPHI
4560,NYNY
4561,SBUX
4562,KWR
4563,BDJ
4564,SLCA
4565,DEX
4566,FANZ
4567,TEI
4568,SGLB
4569,RSG
4570,TERM
4571,ESES
4572,AGIO
4573,LEO
4574,FUSB
4575,GYC
4576,RWT
4577,ARGX
4578,JBGS
4579,CNDF
4580,DRD
4581,SAIC
4582,TRU
4583,CSV
4584,ISTR
4585,BLFS
4586,TA
4587,PSTI
4588,GNCA
4589,CFR_A
4590,LDP
4591,FLAT
4592,NOW
4593,GWPH
4594,ONTX
4595,MDP
4596,CRI
4597,CCV-CL
4598,HJV
4599,PAHC
4600,PNC
4601,SF_A
4602,BMTC
4603,SGZA
4604,BAF
4605,CORE
4606,AHT_D
4607,MSDI
4608,FFNW
4609,VICR
4610,RVSB
4611,DS_B
4612,GTLS
4613,MSL
4614,BB
4615,CGEN
4616,MIXT
4617,GBLIZ
4618,WINS
4619,CAF
4620,SHLX
4621,TSEM
4622,UTG
4623,IESC
4624,ESCA
4625,EPE
4626,BUD
4627,CMRE_B
4628,ESGR
4629,RELV
4630,ETV
4631,CATM
4632,BOKF
4633,SEED
4634,RS
4635,QGTA
4636,SFNC
4637,DTV
4638,BLDR
4639,STAF
4640,WLTW
4641,MRTX
4642,BBX
4643,RPT_D
4644,GHM
4645,EGY
4646,CSLT
4647,TEGP
4648,BFK
4649,BAC_C
4650,FLQE
4651,HIPS
4652,EMBU
4653,VLO
4654,NSTG
4655,FCCO
4656,CBX
4657,HACK
4658,TGH
4659,SBI
4660,CYTK
4661,NEWT
4662,PMTS
4663,EEI
4664,EMDV
4665,FRAN
4666,RIVRW
4667,GNUS
4668,DEI
4669,TEX
4670,ASPU
4671,FCEL
4672,SMCP
4673,CL
4674,MOGLC
4675,KTOS
4676,NNY
4677,ALQA
4678,LHCG
4679,MTSI
4680,DFBG
4681,EVF
4682,IRTC
4683,IRET_B-CL
4684,CWT
4685,FORTY
4686,HES_A
4687,VNTR
4688,ZOES
4689,KLXI
4690,BKCC
4691,DEMS
4692,UFPI
4693,SPE_B
4694,LOVW
4695,BPOPN
4696,RCG
4697,CSII
4698,AIV_A
4699,BCV
4700,MMDMW
4701,RGT
4702,VIAB
4703,SCG
4704,MLPQ
4705,CNTF
4706,MH_D
4707,DBD
4708,WILC
4709,CCV
4710,ALB
4711,JPN
4712,ISDR
4713,FNHC
4714,BPY
4715,APOP
4716,YLD
4717,AGM_C
4718,SPLP_A
4719,PESI
4720,SPH
4721,AXL
4722,RFEM
4723,MAA
4724,RILYZ
4725,AZPN
4726,HOG
4727,DWFI
4728,TERP
4729,CARB
4730,GIGB
4731,GNBC
4732,EVJ
4733,FANG
4734,GS
4735,GSLC
4736,MTL_
4737,FNB
4738,CDW
4739,CHSCO
4740,WNS
4741,LRN
4742,OPTN
4743,HBNC
4744,BBSI
4745,MFL
4746,WB
4747,ELTK
4748,AMRS
4749,SQ
4750,IDRA
4751,EGLT
4752,DORM
4753,FLCH
4754,RPD
4755,GNT_A
4756,ENLC
4757,NNN_E
4758,CBMG
4759,CGI
4760,BEAT
4761,VMM
4762,DM
4763,MUC
4764,ALN
4765,CCZ
4766,TRCB
4767,BGI
4768,RICE
4769,MSBF
4770,DTYL
4771,CLRBZ
4772,PANL
4773,UIVM
4774,HCOM
4775,JVA
4776,WYNN
4777,CEY
4778,VRTSP
4779,EURN
4780,CAJ
4781,GOL
4782,REXX
4783,UEIC
4784,VLY_B
4785,CORI
4786,STT_D
4787,EACQW
4788,BSFT
4789,AHT_H
4790,ACBI
4791,SOHOB
4792,HNI
4793,MLAB
4794,CVV
4795,DSW
4796,ARR_A
4797,FMAX
4798,SRT
4799,TKAT
4800,PYS
4801,GXP
4802,TRVN
4803,EDAP
4804,KEN
4805,FFIV
4806,EC
4807,AMDA
4808,CBT
4809,ACRX
4810,AP
4811,FLR
4812,DCF
4813,CFG
4814,CBLI
4815,LTM
4816,BBT
4817,PSA_G
4818,ECF
4819,TWO_B
4820,EUFL
4821,ISRL
4822,KFN_
4823,LINDW
4824,BBRG
4825,TPX
4826,WFC_L
4827,DIVB
4828,APO_A
4829,TCBIW
4830,TCF_B-CL
4831,EVIX
4832,CAPR
4833,IID
4834,SLRC
4835,UNAM
4836,GLOG
4837,EFII
4838,TRUP
4839,HTLF
4840,IMRN
4841,LWAY
4842,QRHC
4843,VIAV
4844,SCS
4845,OMNT
4846,ALV
4847,GCV_B
4848,SRRA
4849,RCS
4850,PLG
4851,IPOA
4852,UBA
4853,MITT_A
4854,PHT
4855,EFC
4856,STO
4857,MFT
4858,PINC
4859,BBT_E
4860,FOLD
4861,AMRK
4862,ROUS
4863,OFED
4864,REML
4865,ARDC
4866,NMS
4867,JSD
4868,MEDP
4869,FOXF
4870,IMUC
4871,PPIH
4872,DAN
4873,CX
4874,TEL
4875,FMSA
4876,ALFI
4877,WDRW
4878,BSCQ
4879,UNTY
4880,PMPT
4881,XON
4882,SSB
4883,HFWA
4884,TVC
4885,RFEU
4886,PW
4887,ACGL
4888,DEMG
4889,TRP
4890,TD
4891,CSS
4892,SMTX
4893,ERA
4894,SPMD
4895,EVR
4896,TTS
4897,MCI
4898,RAS_C
4899,WFC_T
4900,CYCC
4901,STAR
4902,FCPT
4903,NVMI
4904,ERGF
4905,CLMT
4906,LCI
4907,SEAC
4908,ESGF
4909,ETB
4910,CATY
4911,IMO
4912,AMX
4913,CBL
4914,USOU
4915,MTU
4916,UFAB
4917,TCO
4918,FFIN
4919,SDRL
4920,PIZ
4921,BBL
4922,GHY
4923,BAND
4924,CVBF
4925,NBTB
4926,BAC_W
4927,RNGR
4928,FTRI
4929,SCCO
4930,AAME
4931,PEI_C
4932,LOCO
4933,ORMP
4934,NOC
4935,GS_I
4936,ONTL
4937,BVN
4938,CEA
4939,STZ-B
4940,BV
4941,TPGH-U
4942,CAR
4943,ANF
4944,MLVF
4945,AGFSW
4946,FE
4947,DDS
4948,PRE_F
4949,SEP
4950,WING
4951,HDNG
4952,MTGEP
4953,PNW
4954,GRIF
4955,JHMH
4956,KFRC
4957,BAR
4958,LGF-B
4959,PFIE
4960,NXTDW
4961,ECPG
4962,ESTE
4963,UBOH
4964,PME
4965,UGP
4966,ECR
4967,COUP
4968,GFNCP
4969,BFS
4970,CACI
4971,EW
4972,CIM_B
4973,AMT
4974,SFB
4975,TCBI
4976,AIG
4977,TGP
4978,BOOM
4979,FLBR
4980,ABAC
4981,RBIO
4982,ETN
4983,UPL
4984,NVIV
4985,TPL
4986,WFC_X
4987,SUM
4988,HMC
4989,PBSM
4990,GTXI
4991,MILN
4992,PJH
4993,HNRG
4994,JHMD
4995,RLOG
4996,GRMY
4997,AMCX
4998,DISCA
4999,FOX
5000,BLPH
5001,CEM
5002,FI
5003,EURZ
5004,GTHX
5005,CCI_A
5006,KAI
5007,TCRX
5008,IMGN
5009,CPSI
5010,KWEB
5011,AMTD
5012,AI_B
5013,TSRI
5014,UONEK
5015,CHFC
5016,GZT
5017,TBPH
5018,WSCI
5019,DSKE
5020,REIS
5021,EQS
5022,ALL_A
5023,NUROW
5024,STC
5025,CPA
5026,BOFIL
5027,CTR
5028,SE
5029,CSIQ
5030,LQDT
5031,SYNA
5032,PHYS
5033,PHX
5034,CVGW
5035,MCBC
5036,BLRX
5037,NRCIA
5038,LUNA
5039,CULP
5040,SSRM
5041,JPXN
5042,DY
5043,ATRA
5044,FFHL
5045,IYLD
5046,CARV
5047,AKTX
5048,ERM
5049,NNA
5050,RNVA
5051,CDXC
5052,ARCB
5053,NJR
5054,BCPC
5055,VSMV
5056,CTXR
5057,PXI
5058,SSN
5059,WVVIP
5060,WRLSU
5061,HOS
5062,KRNY
5063,EEQ
5064,EAB
5065,PFLT
5066,BDC
5067,RMNI
5068,GG
5069,SOHO
5070,AOD
5071,GSL_B
5072,SDR
5073,CPAH
5074,FNV
5075,CLXT
5076,CDC
5077,HYLB
5078,ECF_A
5079,GLDW
5080,C_K
5081,MATR
5082,RAIL
5083,MLR
5084,WBIR
5085,SLNO
5086,BID
5087,HUBS
5088,TELL
5089,FBHS
5090,PBR
5091,CTBI
5092,HBCP
5093,NTZ
5094,ANDV
5095,GGB
5096,THG
5097,CUBI
5098,NS
5099,CID
5100,SAN_A
5101,DESC
5102,ABC
5103,CIO_A
5104,BMLP
5105,FLJH
5106,ORBK
5107,CONE
5108,TPVY
5109,EXG
5110,AVA
5111,HTRB
5112,ARR
5113,NTNX
5114,LXP
5115,BABA
5116,UPLD
5117,RHE_A
5118,SPTM
5119,BJZ
5120,YESR
5121,SFUN
5122,CNI
5123,SNX
5124,KIOR
5125,VRTS
5126,EIX
5127,ZJZZT
5128,GLRE
5129,APWC
5130,Y
5131,CAMP
5132,RLH
5133,VCRA
5134,GMRE
5135,DERM
5136,WNFM
5137,CIG-C
5138,OUT
5139,SHAG
5140,KN
5141,ACM
5142,GDEN
5143,SCYX
5144,TSLA
5145,WFBI
5146,PCYG
5147,IGI
5148,CHMG
5149,NBIX
5150,BANC_E
5151,NBH
5152,GAINO
5153,CMSSW
5154,BIDU
5155,APB
5156,KBLMR
5157,OSPRW
5158,BKT
5159,PSMT
5160,APPN
5161,WEC
5162,CLNS_C-CL
5163,GER
5164,SNGX
5165,SCE_L
5166,ZGNX
5167,ZEAL
5168,ICHR
5169,GALE
5170,VEC
5171,LC
5172,MACQU
5173,AMMA
5174,HSEB
5175,MNST
5176,CRAK
5177,VNLA
5178,TCON
5179,HP
5180,COG
5181,KOP
5182,NLY_E
5183,NEE
5184,TRXC
5185,QTRH
5186,NAV
5187,NEOG
5188,VBFC
5189,STLY
5190,SMPLW
5191,FTXO
5192,MMP
5193,TATT
5194,MIC
5195,JUNO
5196,AXS_E
5197,NBD
5198,CMCM
5199,KVHI
5200,SHW
5201,RLGT_A
5202,SHAK
5203,RMBL
5204,KB
5205,HSBC
5206,DIT
5207,QCP
5208,SLD
5209,AGR
5210,OCSI
5211,ANET
5212,PGC
5213,BHF
5214,FELP
5215,JPM_E
5216,STI_E
5217,VRS
5218,CXW
5219,GOOGL
5220,PWR
5221,INFO
5222,EYE
5223,PSA
5224,KANG
5225,LNN
5226,NAZ
5227,MPAC
5228,LRGE
5229,CKX
5230,WEYS
5231,TNH
5232,FPAY
5233,RIOT
5234,YTRA
5235,GAM
5236,ISG
5237,PCMI
5238,HYACU
5239,NWSA
5240,UNH
5241,CUBE
5242,PNRG
5243,LANC
5244,GGN
5245,TRIP
5246,BTX-WS
5247,FEIM
5248,YECO
5249,TVTY
5250,FICO
5251,PUB
5252,APEN
5253,WPC
5254,AIRT
5255,VOYA
5256,NVRO
5257,SMIN
5258,HRI
5259,TTOO
5260,IR
5261,FDP
5262,BHACR
5263,XRX
5264,AEB
5265,DRUA
5266,MA
5267,CUBI_D
5268,GDP
5269,PFFR
5270,PES
5271,KYN
5272,IVZ
5273,PSLV
5274,SCHK
5275,DX_B
5276,ACIU
5277,BYBK
5278,PRO
5279,INCR
5280,GSL
5281,BOCH
5282,HURN
5283,ECOM
5284,EXK
5285,IAF
5286,LW
5287,CNXC
5288,ORM
5289,PBIB
5290,NAVI
5291,CBAN
5292,HD
5293,MYJ
5294,CLSD
5295,EWSC
5296,TNP
5297,UMPQ
5298,IVENC
5299,APTI
5300,UNP
5301,GEF
5302,OVID
5303,NCNA
5304,ASH
5305,TYL
5306,CXO
5307,ACHC
5308,CLDX
5309,WRK
5310,FLKR
5311,DSGX
5312,NEOS
5313,CERCW
5314,LSTR
5315,ACY
5316,CLM
5317,USAT
5318,SHO
5319,BRKS
5320,FBK
5321,OI
5322,USEG
5323,MELR
5324,M
5325,JASO
5326,LMRK
5327,SNDR
5328,PCH
5329,MGPI
5330,JHI
5331,UTSI
5332,VREX
5333,ATNM
5334,HCN
5335,NEE_K
5336,COHR
5337,PPG
5338,IPWR
5339,GABRW
5340,WFC-WS
5341,ATHN
5342,OVLY
5343,NVAX
5344,TARO
5345,JNJ
5346,GST
5347,CTRL
5348,EFAS
5349,APDNW
5350,CHKP
5351,MGEE
5352,KBWY
5353,KERX
5354,GGT_B
5355,EYESW
5356,NSC
5357,MORN
5358,SGQI
5359,GOOD
5360,JMT
5361,RDCM
5362,WBIF
5363,KMT
5364,HYLV
5365,NM_H
5366,GTY
5367,MFA_B
5368,FNFV
5369,NCR
5370,MATF
5371,EAGL
5372,NG
5373,GSEW
5374,AFSI
5375,THS
5376,JT
5377,CMC
5378,VERI
5379,RMR
5380,PBF
5381,WMLP
5382,UHS
5383,HUBG
5384,BIP
5385,YUM
5386,CSCO
5387,NTN
5388,DCUD
5389,PEG
5390,PEB_C
5391,BABY
5392,CNQ
5393,LECO
5394,IF
5395,PUMP
5396,TOO_B
5397,CNYA
5398,MU
5399,DOC
5400,KBSF
5401,PRLB
5402,BYM
5403,PVH
5404,WAAS
5405,FLJP
5406,TXN
5407,AVY
5408,ACIA
5409,VSI
5410,NOVN
5411,USATP
5412,ACMR
5413,INSW
5414,CSGP
5415,CALF
5416,CCCR
5417,GCI
5418,PCOM
5419,BMO
5420,GGZ
5421,NTB
5422,AFH
5423,HTBK
5424,CEFS
5425,NK
5426,WIFI
5427,DRRX
5428,DYNT
5429,CMO
5430,DNOW
5431,SIM
5432,MMIT
5433,KMX
5434,RZB
5435,C_S
5436,UBSH
5437,NEWTL
5438,FFBCW
5439,IDXG
5440,DOTAW
5441,NVFY
5442,CLFD
5443,AUG
5444,SORL
5445,LVNTB
5446,TNET
5447,GLBL
5448,KYN_F
5449,GNMX
5450,MIIIW
5451,PFPT
5452,NAN
5453,BXC
5454,FVE
5455,SQBG
5456,SAFE
5457,CLDT
5458,SDLP
5459,GBCI
5460,PDI
5461,PXUS
5462,NVR
5463,ADX
5464,ORA
5465,SON
5466,BWFG
5467,BGFV
5468,MYF
5469,DLBS
5470,OSPR
5471,SKYW
5472,COLM
5473,RXIIW
5474,ICB
5475,PTX
5476,STKL
5477,MMD
5478,ATI
5479,LION
5480,MS_A
5481,MIW
5482,OFC
5483,A
5484,GPOR
5485,KIM_L
5486,OLED
5487,MNTA
5488,PBNC
5489,ACU
5490,MRIN
5491,OMED
5492,RDUS
5493,WKHS
5494,KTOVW
5495,SLP
5496,MHO
5497,AQB
5498,CBTX
5499,STNG
5500,NEWTZ
5501,FPP
5502,GMRE_A
5503,TOCA
5504,VTR
5505,LHO
5506,KALU
5507,VNO_L
5508,LSVX
5509,WTR
5510,GPP
5511,MITK
5512,AFSS
5513,LRAD
5514,CPLA
5515,ABM
5516,FGL
5517,DHX
5518,VTRB
5519,MAGS
5520,TACOW
5521,BMY
5522,ANDX
5523,WCN
5524,PVAL
5525,PFO
5526,MGRC
5527,ACIW
5528,MRDNW
5529,USTB
5530,JNP
5531,CTRV
5532,LOB
5533,SITE
5534,LKQ
5535,ABMD
5536,IP
5537,SNV
5538,MC
5539,CUBI_F
5540,GPMT
5541,ESXB
5542,INTL
5543,GECC
5544,HEAR
5545,PFBC
5546,MBFIP
5547,GRFS
5548,SPPP
5549,WDC
5550,OMAA
5551,ACC
5552,IQDG
5553,CLW
5554,TIG
5555,SLF
5556,OMER
5557,HTH
5558,CHD
5559,MBII
5560,BLW
5561,TPGH
5562,EIV
5563,W
5564,WRB_D
5565,BFAM
5566,EME
5567,JPM_G
5568,JHS
5569,PBYI
5570,GOODP
5571,IFRX
5572,ENTR
5573,NVCR
5574,GEVO
5575,MKC-V
5576,NEE_Q
5577,ETHO
5578,CHMI
5579,GLAD
5580,PTN
5581,TCO_J
5582,CMCO
5583,IRET_C
5584,MPAA
5585,UCBA
5586,OMFL
5587,LM
5588,YERR
5589,EXAS
5590,GCVRZ
5591,INN_C
5592,HBAN
5593,ROX
5594,SCE_B
5595,BRK-A
5596,LSXMA
5597,CTDD
5598,APTS
5599,ASR
5600,FWONA
5601,DEFA
5602,GLBZ
5603,TRCRW
5604,PCG_H
5605,VTGN
5606,DALT
5607,PSC
5608,BHGE
5609,SELF
5610,FNGN
5611,APDN
5612,GAINM
5613,DHXM
5614,CMSSU
5615,NCMI
5616,JLL
5617,OSPRU
5618,OTEX
5619,NUV
5620,LZB
5621,GFN
5622,EMI
5623,LEN-B
5624,RLJ
5625,YPF
5626,KL
5627,OMAM
5628,TIK
5629,CDR_B
5630,HTD
5631,CHH
5632,USEQ
5633,PCG_D
5634,KOR
5635,AGFS
5636,FLOW
5637,PSO
5638,HEWL
5639,FPRX
5640,NAT
5641,JPM-WS
5642,SBRAP
5643,ROYT
5644,OILU
5645,IRLR
5646,WEA
5647,DTUS
5648,EXEL
5649,BOE
5650,WASH
5651,PDS
5652,UNF
5653,KOOL
5654,UAMY
5655,FOSL
5656,SB_D
5657,FAC
5658,MACQW
5659,CRAI
5660,LRCX
5661,VAR
5662,DJD
5663,HR
5664,COE
5665,NPK
5666,BIF
5667,VMET
5668,RMD
5669,SPSB
5670,INSM
5671,NTX
5672,EHT
5673,APVO
5674,SVVC
5675,ENBL
5676,ATXI
5677,OPK
5678,BIVV
5679,NQ
5680,SAN_C
5681,CIF
5682,DHT
5683,HQY
5684,CMU
5685,WPM
5686,KMB
5687,GTO
5688,CSTE
5689,WAFD
5690,KIQ
5691,AQN
5692,MLP
5693,EEMO
5694,NGVC
5695,VALE-P
5696,BOTZ
5697,NSU
5698,TRNS
5699,CVNA
5700,SJI
5701,CNK
5702,USCR
5703,HRG
5704,MO
5705,NOAH
5706,ROKU
5707,HVT
5708,AEL
5709,TIER
5710,HBANO
5711,PRA
5712,GSB
5713,FWRD
5714,KTEC
5715,MON
5716,FSB
5717,TXT
5718,ATHX
5719,NOVT
5720,DLPH
5721,UMBF
5722,SYF
5723,LTBR
5724,ROL
5725,BKN
5726,ENO
5727,INUV
5728,EARN
5729,FLXS
5730,OLBK
5731,NEXA
5732,NNDM
5733,GEH
5734,NAVG
5735,ORC
5736,SOL
5737,MYD
5738,PNTR
5739,KIORW
5740,MARK
5741,WRE
5742,INFY
5743,MIIIU
5744,ESND
5745,HUSV
5746,USB_H
5747,EPR_C
5748,VVV
5749,FRT
5750,INVH
5751,WBT
5752,VDSI
5753,C
5754,BPFHP
5755,POWL
5756,UIS
5757,SPRT
5758,PCF
5759,BHP
5760,FRME
5761,SIEN
5762,TTMI
5763,KT
5764,SSYS
5765,AGD
5766,SHEN
5767,TIS
5768,AGO_B
5769,NBR
5770,DFNL
5771,CRUS
5772,EBIX
5773,JHG
5774,WRLD
5775,ERII
5776,XPER
5777,LOV
5778,IEC
5779,CSWC
5780,AGGE
5781,KND
5782,QTWO
5783,XITK
5784,STAG_C
5785,NVEE
5786,MOV
5787,HONE
5788,CRSP
5789,MICTW
5790,BIBL
5791,AFGE
5792,CERS
5793,SCLN
5794,BLHY
5795,INTX
5796,BNS
5797,PFFD
5798,IRMD
5799,NSM
5800,JCTCF
5801,CNS
5802,JPUS
5803,VBTX
5804,UDBI
5805,ISMD
5806,AET
5807,TKC
5808,PYPL
5809,IBN
5810,SUNS
5811,EACQ
5812,HRTG
5813,ESLT
5814,KALA
5815,PQG
5816,ATOM
5817,IVR_B
5818,WBIH
5819,DOTAU
5820,PBH
5821,CALD
5822,SGRY
5823,BHVN
5824,RIO
5825,PBR-A
5826,HTBI
5827,BNSO
5828,NI
5829,VGI
5830,DEWJ
5831,CUBS
5832,ABY
5833,TCMD
5834,ACERW
5835,ZAIS
5836,MXF
5837,SMIT
5838,HRS
5839,GAIN
5840,ROKA
5841,SNN
5842,SXCP
5843,PEI
5844,INTT
5845,CAKE
5846,IRS
5847,RNN
5848,CTAA
5849,NSA
5850,ALLY
5851,BCACR
5852,FSV
5853,SAGE
5854,WIRE
5855,NCOM
5856,ARD
5857,ZG
5858,ABIO
5859,GSV
5860,CTRN
5861,PRU
5862,CHKR
5863,SEIC
5864,MASI
5865,GSEU
5866,NE
5867,CIR
5868,SMP
5869,THQ
5870,ROLL
5871,CMA
5872,CRCM
5873,DBVT
5874,HAHA
5875,VCV
5876,CYRXW
5877,RMP
5878,INSY
5879,GPJA
5880,ALOG
5881,ELS
5882,BOSC
5883,RIC
5884,HEBT
5885,GGT
5886,NTL
5887,BMA
5888,ACNB
5889,HBB
5890,YY
5891,SHSP
5892,ATKR
5893,NTIC
5894,XENT
5895,WBID
5896,KELYB
5897,PPSI
5898,ASNS
5899,GMLPP
5900,FPH
5901,XWEB
5902,COMM
5903,WABC
5904,EYEGW
5905,HYHG
5906,FNBG
5907,SCHW_D
5908,ACGLP
5909,JOF
5910,PGTI
5911,IMMR
5912,ENSG
5913,KOF
5914,AEIS
5915,NES
5916,INFU
5917,WRI
5918,CTWS
5919,IDA
5920,CCRC
5921,LNT
5922,GRX
5923,GILD
5924,OPHT
5925,LGIH
5926,AOBC
5927,AMID
5928,HF
5929,FAAR
5930,THST
5931,VDTH
5932,PSMB
5933,DJCO
5934,NRO
5935,SSNC
5936,FRT_C
5937,OTEL
5938,APT
5939,MIY
5940,LILAK
5941,ERIE
5942,PAVE
5943,NEE_I
5944,REFR
5945,ICL
5946,DMRL
5947,DIN
5948,HTGX
5949,MGCD
5950,NDRAW
5951,O
5952,NYMTP
5953,SIEB
5954,ASFI
5955,RFDA
5956,JW-A
5957,DSU
5958,VIPS
5959,SRV
5960,DDLS
5961,PSTG
5962,CCXI
5963,BRG
5964,ALTR
5965,PW_A
5966,SPLP
5967,SGMS
5968,MDRX
5969,JPM_D-CL
5970,MSB
5971,BL
5972,FTEO
5973,AMCN
5974,PLUS
5975,CAH
5976,RNDV
5977,MFNC
5978,PNM
5979,NXE
5980,EDI
5981,TREC
5982,KRP
5983,BAH
5984,EACQU
5985,CSOD
5986,BZUN
5987,JFR
5988,PERI
5989,MCS
5990,TTI
5991,TPZ
5992,TANNI
5993,WFC_N
5994,UTI
5995,IIF
5996,SLRA
5997,EZPW
5998,PBCTP
5999,CATC
6000,COBZ
6001,ETX
6002,RELX
6003,CBS-A
6004,EA
6005,LIVE
6006,LANDP
6007,AR
6008,GHC
6009,MFIN
6010,AINV
6011,PSDV
6012,RFT
6013,PSA_E
6014,GLP
6015,SERV
6016,OFG_B
6017,QVCB
6018,WHR
6019,BGIO
6020,NTWK
6021,DD_A
6022,BBGI
6023,BRG_D
6024,CB
6025,KRYS
6026,GJS
6027,QADB
6028,KKR_A
6029,SNHY
6030,CHSCM
6031,DDR_J
6032,EAT
6033,CHRW
6034,PM
6035,MAC
6036,FXJP
6037,GATX
6038,FMDG
6039,SWK
6040,EMSD
6041,BCTF
6042,HGSH
6043,TEVA
6044,SLTB
6045,CHEK
6046,EVH
6047,SCI
6048,HOTR
6049,LEJU
6050,QUIK
6051,CRMT
6052,VMO
6053,DO
6054,MUA
6055,USNA
6056,INBKL
6057,ACST
6058,ALL
6059,BMRN
6060,RCI
6061,MTGE
6062,NYMX
6063,GIM
6064,BCX
6065,WHLM
6066,EMGF
6067,JCO
6068,DYSL
6069,ATAX
6070,BERY
6071,OMI
6072,VIRC
6073,DDJP
6074,NEE_G-CL
6075,SGOC
6076,ESBA
6077,NMI
6078,LFVN
6079,RST
6080,ARCX
6081,DLR_C
6082,PXS
6083,HGSD
6084,BSE
6085,ITUS
6086,MNOV
6087,PUTW
6088,RFAP
6089,TR
6090,VRML
6091,MIND
6092,DVD
6093,KNSL
6094,ANIK
6095,LVS
6096,TUES
6097,RNET
6098,GNL
6099,COWZ
6100,PTGX
6101,SOHU
6102,PEGI
6103,UTHR
6104,OHGI
6105,BUFF
6106,GPT_A
6107,DAX
6108,GLNG
6109,WDFC
6110,WTBA
6111,SRAX
6112,AGM_A
6113,IHD
6114,WUBA
6115,RTIX
6116,MIII
6117,OME
6118,STDY
6119,BGG
6120,RICK
6121,EBF
6122,NYMT
6123,CFCO
6124,MMDMU
6125,WMC
6126,PSET
6127,VNDA
6128,CGG
6129,PBEE
6130,VMC
6131,FCBC
6132,IGLD
6133,PFIS
6134,AETI
6135,AHT_F
6136,HSKA
6137,ITGR
6138,MSN
6139,VYGR
6140,JETS
6141,IVLU
6142,DDE
6143,LDR
6144,ING
6145,PMBC
6146,HYDB
6147,BVX
6148,SALM
6149,MDR
6150,CRK
6151,PRTK
6152,CPSS
6153,HMNF
6154,STBZ
6155,HAWK
6156,PLBC
6157,DRIO
6158,CVX
6159,LTC
6160,BANR
6161,BAC_A
6162,SLAB
6163,ONDK
6164,FLQG
6165,MVIS
6166,CBZ
6167,AMN
6168,TAIT
6169,CETXP
6170,ZNGA
6171,CDZI
6172,PZC
6173,WFHY
6174,LMOS
6175,LGL
6176,CATO
6177,DPG
6178,FMBH
6179,IDSA
6180,HMY
6181,BLDP
6182,KEMP
6183,GLYC
6184,SYNC
6185,TPHS
6186,HSII
6187,CRIS
6188,CELC
6189,CCL
6190,ALX
6191,JPT
6192,ATRC
6193,NWLI
6194,EDGE
6195,ARDM
6196,TI-A
6197,ALL_C
6198,SNOAW
6199,BIOS
6200,SPR
6201,GOEX
6202,JGH
6203,CIBR
6204,MBI
6205,NFLX
6206,PKD
6207,GNT
6208,GE
6209,BRGL
6210,SLNOW
6211,TTEK
6212,CHUBK
6213,DEZU
6214,CART
6215,AFSI_B
6216,POLA
6217,NNC
6218,DFFN
6219,WYY
6220,BSTC
6221,ARGS
6222,SSL
6223,RCON
6224,WRLSW
6225,RILYL
6226,PY
6227,VRIG
6228,VBIV
6229,MED
6230,TNP_D
6231,NLS
6232,ALSK
6233,RELL
6234,IDSY
6235,LTS_A
6236,ACER
6237,ZB_G
6238,VZ
6239,TBBK
6240,ALDW
6241,ABRN
6242,RBS
6243,WHF
6244,BAC_Y
6245,CBB
6246,STRS
6247,ICAD
6248,HFBC
6249,TCBK
6250,DCP
6251,SBS
6252,ZFGN
6253,MNR_C
6254,TAIL
6255,BRS
6256,KEX
6257,NOM
6258,DGICA
6259,TCRZ
6260,PRTS
6261,CRS
6262,LNGR
6263,MBWM
6264,RNDB
6265,TMUSP
6266,SNMP
6267,JHMF
6268,DMLP
6269,NXQ
6270,BF-A
6271,CDNS
6272,BML_L
6273,BX
6274,CEO
6275,YNDX
6276,ICFI
6277,YEXT
6278,SAM
6279,DLHC
6280,CUNB
6281,MKSI
6282,PLUG
6283,ANH
6284,ASUR
6285,PRE_H
6286,SHOP
6287,MTW
6288,HQCL
6289,VLY
6290,FCCY
6291,SFL
6292,BRAC
6293,IFON
6294,CTIC
6295,GPE_A-CL
6296,BBN
6297,EGO
6298,BANF
6299,BSAC
6300,FLQS
6301,ARRS
6302,LCNB
6303,CACG
6304,ZBH
6305,ICVT
6306,SUI_A
6307,MCK
6308,RE
6309,DPS
6310,RAS_A
6311,CUR
6312,WFC_V
6313,MRTN
6314,TPB
6315,DELTW
6316,BUR
6317,ESGD
6318,SPKE
6319,BT
6320,GABR
6321,NCSM
6322,DWTR
6323,FDEF
6324,GBLIL
6325,WAYN
6326,MTEM
6327,HUNT
6328,PFMT
6329,GOV
6330,BAP
6331,RGSE
6332,PDFS
6333,GDV_D
6334,OCIP
6335,JAG
6336,SFIX
6337,NAOV
6338,TWO
6339,DSM
6340,AYX
6341,XPLR
6342,LDF
6343,INS
6344,RPAI
6345,GS_K
6346,NOA
6347,JMPC
6348,BSQR
6349,STM
6350,MFV
6351,METC
6352,BBT_G
6353,NFLT
6354,UVSP
6355,YUME
6356,DVEM
6357,HTLD
6358,BBDO
6359,ALT
6360,OZM
6361,ADVM
6362,VMW
6363,ATRO
6364,SGB
6365,DFVS
6366,BGS
6367,ZUMZ
6368,EBR
6369,SPYD
6370,CSML
6371,RIGL
6372,MDGL
6373,DVP
6374,CSQ
6375,PKBK
6376,ERC
6377,CODA
6378,EVP
6379,SBBC
6380,ADUS
6381,SQZZ
6382,DNBF
6383,ACTA
6384,MRT
6385,SBLKL
6386,DAL
6387,TEN
6388,SRUN
6389,OPTT
6390,WPPGY
6391,TPOR
6392,COWN
6393,AFB
6394,LBAI
6395,DNKN
6396,PROV
6397,CME
6398,FGP
6399,TLF
6400,SIG
6401,EMITF
6402,RMT
6403,CALL
6404,RIG
6405,NPTN
6406,PFS
6407,IQI
6408,BME
6409,GGP
6410,VLRX
6411,TVPT
6412,VTN
6413,SNHNL
6414,NGG
6415,VTEB
6416,NMK_C
6417,SPDN
6418,CMFN
6419,GPL
6420,PEIX
6421,DEPO
6422,BELFA
6423,AQUA
6424,OTTW
6425,BGCA
6426,FORR
6427,XRF
6428,BLVDW
6429,GLPG
6430,BOTJ
6431,RMNIU
6432,TRNC
6433,EOI
6434,NXST
6435,DGLT
6436,VALX
6437,KNL
6438,UIHC
6439,CETX
6440,SSW_E
6441,MS_K
6442,NVCN
6443,GSSC
6444,CDTX
6445,CZFC
6446,CLNS_E
6447,PARR
6448,PTR
6449,DFND
6450,PLXP
6451,MULE
6452,SHI
6453,VNOM
6454,FBM
6455,NVTR
6456,UMH
6457,RHI
6458,K
6459,IPG
6460,BLK
6461,PCN
6462,FBIO
6463,ITT
6464,OEW
6465,ATACR
6466,PMT_A
6467,JOB
6468,DGII
6469,MNP
6470,NAD
6471,AKO-A
6472,AEMD
6473,IDE
6474,CRD-A
6475,LQ
6476,ITIC
6477,OSTK
6478,YGYI
6479,HSY
6480,MYL
6481,ERYP
6482,CRAY
6483,OEUH
6484,ENG
6485,REVG
6486,NRK
6487,STNLU
6488,WAB
6489,APTO
6490,BCLI
6491,LYL
6492,RHE
6493,G
6494,EMHY
6495,CSBK
6496,BVAL
6497,VJET
6498,SNDX
6499,IBKR
6500,WFC
6501,KIM_J
6502,RF_A
6503,ALNA
6504,MDLX
6505,SHE
6506,JPST
6507,OC
6508,CHT
6509,PRNT
6510,VFC
6511,KHC
6512,PAVM
6513,AGO_F
6514,LMB
6515,INAP
6516,CLNS_I
6517,ICD
6518,NULV
6519,ATO
6520,CNHX
6521,MS_G
6522,OAKS
6523,POPE
6524,EXAC
6525,NRG
6526,PDLI
6527,BKJ
6528,PZZA
6529,GEL
6530,EBR-B
6531,RKDA
6532,ORG
6533,IIPR_A
6534,KLDW
6535,CLSN
6536,HMST
6537,KNOP
6538,OKTA
6539,BXE
6540,SRC_A
6541,REED
6542,CTSH
6543,HEWP
6544,VRA
6545,SXT
6546,ASHX
6547,ASB
6548,FVC
6549,VVR
6550,FFSG
6551,BRACU
6552,CXE
6553,CLDR
6554,RGLS
6555,GTS
6556,SBOT
6557,SUNW
6558,IKNX
6559,RUSHB
6560,DXYN
6561,KIM
6562,LLL
6563,OREX
6564,IART
6565,TMK_B
6566,DBES
6567,JRJR
6568,FRC_F
6569,FTS
6570,WBIL
6571,OCX
6572,GCO
6573,GTYHW
6574,TRIB
6575,REPH
6576,BMI
6577,ABR_B
6578,DUSL
6579,NM
6580,FCO
6581,CIZ
6582,ELMD
6583,VGM
6584,CMI
6585,ENFC
6586,LOR
6587,ZBRA
6588,TPVG
6589,WSO
6590,HNNA
6591,ARL
6592,SPTS
6593,FUNC
6594,PAR
6595,PTIE
6596,TRNO
6597,VSTM
6598,IVH
6599,AAC
6600,TOT
6601,MS
6602,CLVS
6603,AEP
6604,GLBR
6605,NLY_C
6606,MODN
6607,GILT
6608,NAP
6609,LND
6610,OEC
6611,BAC-WS-B
6612,FARM
6613,XNTK
6614,HAYN
6615,ADMP
6616,AWI
6617,ENS
6618,ROP
6619,ISM
6620,SCE_J
6621,UNB
6622,UCBI
6623,BEMO
6624,PBIP
6625,LE
6626,FET
6627,RMAX
6628,BANC_C
6629,NBN
6630,GURE
6631,CHMA
6632,FIBK
6633,PTF
6634,SBNB
6635,LII
6636,EWGS
6637,ASB_D
6638,VRAY
6639,APD
6640,HOLI
6641,ALJJ
6642,FNTE
6643,ALNY
6644,RDS-A
6645,HPS
6646,MZF
6647,HMTA
6648,AGX
6649,CHL
6650,CMRX
6651,RESN
6652,OIIL
6653,MXWL
6654,SNBC
6655,LVLT
6656,TOL
6657,SJM
6658,CNO
6659,HRC
6660,CGNT
6661,IX
6662,AEH
6663,VRTU
6664,WWD
6665,RYB
6666,GIII
6667,EXA
6668,AGGY
6669,KNX
6670,CYS
6671,JELD
6672,HCSG
6673,HAL
6674,ATLO
6675,CCCL
6676,IPAR
6677,CALX
6678,BOSS
6679,NPO
6680,IBKCO
6681,ELC
6682,NNBR
6683,INSI
6684,JMOM
6685,PBT
6686,BSJO
6687,PFG
6688,EIGI
6689,HUN
6690,CIB
6691,CKPT
6692,RTTR
6693,XNET
6694,VCF
6695,PSB_V
6696,ABE
6697,INDU
6698,NGS
6699,EVBN
6700,KMF
6701,ARNC
6702,EXPD
6703,GPX
6704,BZM
6705,FTK
6706,OGS
6707,JMF
6708,NXTM
6709,OZRK
6710,SSKN
6711,AOSL
6712,AUY
6713,HES
6714,MLNK
6715,AVK
6716,ABEOW
6717,CRWS
6718,CERC
6719,OCFC
6720,ATLC
6721,SYN
6722,SVBI
6723,GOLD
6724,PRI
6725,PATI
6726,SGBX
6727,RYN
6728,ANTM
6729,IDHD
6730,IT
6731,OCUL
6732,GSBD
6733,CGNX
6734,CNC
6735,ISIG
6736,SNR
6737,HDEE
6738,MG
6739,AED
6740,NWN
6741,GDV
6742,ALLE
6743,GPIC
6744,RNR
6745,PKOH
6746,BNDC
6747,MHK
6748,CBPO
6749,FPT
6750,ARNC_
6751,EDIT
6752,CSTM
6753,GPT
6754,MATX
6755,LGCYP
6756,ZDGE
6757,THM
6758,HSGX
6759,LPNT
6760,ASYS
6761,INSE
6762,GEF-B
6763,NTP
6764,PFK
6765,HK-WS
6766,PRIM
6767,MYNDW
6768,COM
6769,FIVE
6770,HWKN
6771,ASV
6772,JPGB
6773,SCMP
6774,BPTH
6775,BLMT
6776,BKHU
6777,FRD
6778,INFI
6779,WSKY
6780,NEO
6781,ILMN
6782,EDOW
6783,C-WS-A
6784,SELB
6785,ESNT
6786,CYTXW
6787,TMP
6788,CLS
6789,SLB
6790,CPIX
6791,AGT
6792,GFF
6793,S
6794,CSFL
6795,CVLY
6796,ONSIZ
6797,NDLS
6798,MMV
6799,RDFN
6800,CLGX
6801,IMNP
6802,AXSM
6803,HCP
6804,APH
6805,MIE
6806,SYRS
6807,UBRT
6808,IGC
6809,WTIU
6810,NBB
6811,KMPA
6812,SPEX
6813,ARKR
6814,CCUR
6815,BP
6816,FOR
6817,DISCK
6818,OSBCP
6819,LIQT
6820,ISBC
6821,QUOT
6822,FC
6823,OXY
6824,CAT
6825,USLM
6826,CROX
6827,WINA
6828,VOC
6829,CCOI
6830,SNMX
6831,LABL
6832,BDCZ
6833,REV
6834,TNXP
6835,IGHG
6836,EDU
6837,AIMT
6838,AAMC
6839,HNW
6840,UL
6841,SCCI
6842,MDB
6843,MYOK
6844,FONR
6845,PRPH
6846,BLCM
6847,CFC_B
6848,VSLR
6849,FLEU
6850,NSA_A
6851,DXUS
6852,KEP
6853,SGMO
6854,SDVY
6855,TCI
6856,FLL
6857,AN
6858,LCAHW
6859,PSA_Y
6860,BSET
6861,SPXN
6862,LTS
6863,PMO
6864,BFY
6865,CACC
6866,XMX
6867,AMSC
6868,DPW
6869,MCO
6870,RA
6871,FDUS
6872,IMDZ
6873,WFC_R
6874,VR
6875,CAPL
6876,CHCT
6877,IMI
6878,OPGNW
6879,CHGG
6880,MHLD
6881,ECCB
6882,EQC_D
6883,TVE
6884,SSD
6885,AXR
6886,PQ
6887,TRV
6888,RADA
6889,CSU
6890,RDNT
6891,MBRX
6892,CHAD
6893,UVE
6894,ARCH
6895,ASRVP
6896,EVT
6897,FNKO
6898,MVC
6899,GM
6900,AON
6901,USMC
6902,TTEC
6903,WHLRD
6904,GJO
6905,CAAS
6906,STI
6907,HLG
6908,CPK
6909,JCS
6910,UMH_B
6911,ITRN
6912,SANM
6913,IONS
6914,FMCIU
6915,CTX
6916,YUMA
6917,SO
6918,MBUU
6919,ILG
6920,BPK
6921,NGHC
6922,WFIG
6923,HIFS
6924,IHT
6925,BTX
6926,ALRM
6927,FNB_E
6928,HRZN
6929,DCOM
6930,ARTNA
6931,AHC
6932,DS
6933,CCD
6934,SGF
6935,EMCI
6936,MAIN
6937,WMS
6938,BCD
6939,IBCP
6940,ARTX
6941,DXCM
6942,ANH_A
6943,TEAM
6944,EAD
6945,LITE
6946,MVO
6947,FFKT
6948,JILL
6949,SDT
6950,CDE
6951,ISCA
6952,CR
6953,TEF
6954,AFSI_F
6955,NLSN
6956,MAYS
6957,CODI
6958,GST_B
6959,APLP
6960,RENX
6961,MMDM
6962,OXLCM
6963,WEAR
6964,OACQ
6965,MAS
6966,SAIL
6967,RVEN
6968,JPHY
6969,PETZ
6970,RCKY
6971,PLM
6972,ONEY
6973,LFEQ
6974,MSFG
6975,BCH
6976,FMN
6977,RFUN
6978,TFX
6979,CELG
6980,MET_A
6981,TCCA
6982,TBK
6983,CRMD
6984,ZTR
6985,KOPN
6986,NMY
6987,BTT
6988,OGEN
6989,STE
6990,LPSN
6991,MTB_C
6992,KRMA
6993,CPG
6994,SC
6995,CTT
6996,KCAPL
6997,SPHS
6998,CODI_A
6999,GS_C
7000,ESE
7001,LMHB
7002,GLOP_A
7003,IIIN
7004,SVU
7005,TST
7006,CNAT
7007,LNCE
7008,GOGL
7009,SRF
7010,FDRR
7011,DSE
7012,TSRO
7013,LMRKP
7014,BDGE
7015,BAX
7016,BML_H
7017,CBOE
7018,VICL
7019,MEET
7020,HSON
7021,MWA
7022,PRGX
7023,VTNR
7024,ABEV
7025,BUZ
7026,ESGL
7027,ETH
7028,CATS
7029,MCC
7030,RM
7031,PERY
7032,SIVBO
7033,CUZ
7034,AZN
7035,MGP
7036,PBSK
7037,RCII
7038,PSA_U
7039,BBF
7040,GHS
7041,CTMX
7042,PMC
7043,DSKEW
7044,NIHD
7045,ECT
7046,CFFN
7047,BCEI
7048,LPL
7049,CBF
7050,CEMI
7051,JRVR
7052,ROCK
7053,MTFBW
7054,AB
7055,DCT
7056,FDBC
7057,DIAL
7058,MP_D
7059,EQM
7060,HLS
7061,CPE_A
7062,CTL
7063,SENEB
7064,NTGR
7065,ATEC
7066,SPN
7067,TRCH
7068,IPOS
7069,MDCO
7070,BGC
7071,WIT
7072,GROW
7073,PCAR
7074,HELE
7075,GNRX
7076,RGR
7077,SUSA
7078,CVGI
7079,UBS
7080,SCA
7081,HCAC-U
7082,DG
7083,MUI
7084,SPMV
7085,DLR_G
7086,TWNKW
7087,CNACU
7088,AUBN
7089,RWC
7090,MOG-B
7091,EUDV
7092,LLIT
7093,STAR_I
7094,PE
7095,GAB_G
7096,PRQR
7097,SSP
7098,AMH_F
7099,CSA
7100,SAMG
7101,TV
7102,NEWR
7103,PKX
7104,QCOM
7105,ESRX
7106,MCEP
7107,MMSI
7108,TGNA
7109,ICCH
7110,CYRN
7111,DEO
7112,WHLRP
7113,ASPS
7114,CJ
7115,STI-WS-B
7116,PIH
7117,SHLDW
7118,LPT
7119,ECL
7120,RNVAZ
7121,BAC_E
7122,SSWN
7123,WETF
7124,MTG
7125,SOJA
7126,NSPR
7127,EYLD
7128,MKTX
7129,AIY
7130,IIN
7131,CMRE_D
7132,TYME
7133,EPC
7134,IMRNW
7135,PZG
7136,ETP
7137,CUB
7138,PLAY
7139,GARS
7140,FOMX
7141,AMWD
7142,TPR
7143,REXR
7144,GOF
7145,EVLMC
7146,WOW
7147,TDW-WS-B
7148,NDRO
7149,FOF
7150,GSIT
7151,BECN
7152,DS_D
7153,AJG
7154,SEB
7155,HCKT
7156,OXM
7157,VLY-WS
7158,BRO
7159,TPYP
7160,SRCL
7161,KED
7162,AGLE
7163,OACQU
7164,BETR
7165,CIDM
7166,PRTO
7167,AMBCW
7168,SVM
7169,RFDI
7170,NMRX
7171,AHL_D
7172,RY
7173,AZZ
7174,AZRX
7175,TTM
7176,VISI
7177,IZEA
7178,WFC_J
7179,LARE
7180,ARES
7181,MSTR
7182,ECCZ
7183,EE
7184,TGB
7185,COF_F
7186,CRHM
7187,DIAX
7188,CFA
7189,FSCT
7190,FLT
7191,MPX
7192,CFBI
7193,PSA_A
7194,SPXV
7195,RFP
7196,PID
7197,BAC_I
7198,GLT
7199,LPX
7200,RBC
7201,CLNT
7202,CRC
7203,SVA
7204,AMPE
7205,MYOS
7206,HBM-WS
7207,AEGN
7208,NAV_D
7209,CFRX
7210,BRC
7211,INO
7212,RRR
7213,ESQ
7214,DVCR
7215,GGO_A
7216,CLYH
7217,MSF
7218,BH
7219,FTEK
7220,ZVV
7221,SMFG
7222,CAL
7223,ITCI
7224,ABUS
7225,NUVA
7226,PNI
7227,FIXD
7228,JTPY
7229,BCBP
7230,IMUC-WS
7231,QXRR
7232,REN
7233,SCM
7234,CGO
7235,GNL_A
7236,ATRS
7237,HOPE
7238,FII
7239,DK
7240,EPZM
7241,MUE
7242,WSPT
7243,GMZ
7244,WIX
7245,RCM
7246,UBNT
7247,WSTG
7248,SPYX
7249,WMK
7250,ARWR
7251,GGAL
7252,GNRT
7253,BIOC
7254,WD
7255,CPS
7256,BURL
7257,NAII
7258,SPB
7259,TYHT
7260,TRTX
7261,LBY
7262,NMM
7263,FCAU
7264,AMFW
7265,PEGA
7266,TER
7267,FCEF
7268,CF
7269,FND
7270,WTRX
7271,UAA
7272,CHRS
7273,ESRT
7274,TLRA
7275,PI
7276,MAG
7277,ONS
7278,STAR_E
7279,SFLY
7280,MET
7281,TRN
7282,IBTX
7283,MTSC
7284,BSM
7285,REX
7286,BML_J
7287,GWGH
7288,SBPH
7289,CEI
7290,MSP
7291,TDJ
7292,IMPV
7293,BPMC
7294,LULU
7295,RAVN
7296,SHLD
7297,SCPH
7298,NGHCO
7299,IMTE
7300,NKX
7301,LDL
7302,ESG
7303,NOK
7304,RNWK
7305,GS_A
7306,SGMA
7307,RRD
7308,BXMT
7309,SPLB
7310,DWT
7311,AYR
7312,PSA_W
7313,PIR
7314,DAVE
7315,BBD
7316,GYRO
7317,NYLD
7318,ARRY
7319,ESPR
7320,LHO_I
7321,AMP
7322,CBD
7323,ES
7324,PUK_A
7325,AIC
7326,PIXY
7327,HACW
7328,COF_P
7329,AVXL
7330,TGT
7331,TNP_B
7332,LCA
7333,WSBC
7334,FHN_A
7335,ESGN
7336,NHF
7337,ETJ
7338,GLOW
7339,KDMN
7340,MCA
7341,ACET
7342,SUI
7343,ZB_A
7344,YELP
7345,TPH
7346,DTJ
7347,CIGI
7348,HMG
7349,LAQ
7350,ERI
7351,AFSI_D
7352,NJV
7353,CISN-WS
7354,EVOK
7355,OXLCO
7356,LVUS
7357,SHO_F
7358,DRI
7359,ADBE
7360,CWH
7361,TRX
7362,PETX
7363,NANR
7364,WNC
7365,GEMP
7366,UBIO
7367,ANH_C
7368,QTNT
7369,PRFT
7370,AKS
7371,MLSS
7372,AMBR
7373,CP
7374,TRTN
7375,TEUM
7376,RPT
7377,SWKS
7378,ALL_E
7379,MINDP
7380,UUU
7381,CYBE
7382,WR
7383,HLI
7384,CPE
7385,VZA
7386,SA
7387,RFFC
7388,IPL_D
7389,DWAT
7390,AMRC
7391,CTV
7392,CTLT
7393,WIN
7394,DSXN
7395,BGY
7396,MCFT
7397,TRCR
7398,SLDA
7399,AGYS
7400,MAMS
7401,JTA
7402,TCGP
7403,CCJ
7404,ACSF
7405,MUS
7406,XUSA
7407,TBI
7408,SGH
7409,AQXP
7410,HOVNP
7411,CYRX
7412,CRNT
7413,VNO
7414,QGEN
7415,CDK
7416,ACTG
7417,GGP_A
7418,CHUBA
7419,CXRX
7420,PUK_
7421,QVAL
7422,MCEF
7423,VR_B
7424,IAMXW
7425,CCNE
7426,EGOV
7427,AXP
7428,DRE
7429,TRT
7430,MEN
7431,NNI
7432,CAVM
7433,EVV
7434,GYB
7435,LEN
7436,BSTI
7437,CZNC
7438,FINL
7439,HSIC
7440,QLC
7441,STWD
7442,DQ
7443,FIS
7444,CCF
7445,PREF
7446,ELGX
7447,TCCO
7448,ATRI
7449,IBDS
7450,COTV
7451,CABO
7452,GRX_B
7453,JMEI
7454,MTCH
7455,VMOT
7456,GIS
7457,CCIH
7458,STK
7459,LBTYB
7460,EPIX
7461,YUMC
7462,CTZ
7463,FMCIW
7464,SM
7465,BPI
7466,EQIX
7467,NID
7468,RTK
7469,BTZ
7470,DVAX
7471,AGNC
7472,HIBB
7473,OXBRW
7474,PRTY
7475,CRY
7476,ROST
7477,UN
7478,ATGE
7479,TWI
7480,DWCH
7481,LAUR
7482,RNST
7483,NUAG
7484,NOG
7485,CVRS
7486,BXMX
7487,ORIG
7488,BR
7489,HYI
7490,CEE
7491,HMLP_A
7492,OXFD
7493,TDF
7494,JSYNR
7495,PBCT
7496,UBP_G
7497,GOP
7498,CATYW
7499,JHML
7500,CVEO
7501,LCII
7502,XLRE
7503,HIX
7504,RCMT
7505,BKEP
7506,WFC_P
7507,FSTR
7508,DTF
7509,BDSI
7510,NLY
7511,LCM
7512,CBH
7513,BEDU
7514,ICAN
7515,ATSG
7516,AL
7517,MPB
7518,KPTI
7519,ANDAR
7520,LCAHU
7521,EGI
7522,PMM
7523,QSII
7524,CNCR
7525,WF
7526,SCAC
7527,LLNW
7528,BIOA
7529,SANW
7530,AAOI
7531,JCI
7532,CIFS
7533,RSLS
7534,GHDX
7535,GGZRW
7536,SU
7537,SMSI
7538,CTB
7539,GASS
7540,EDGW
7541,SBAC
7542,CHFS
7543,EQC
7544,FMX
7545,MQT
7546,DBL
7547,VMI
7548,ONEO
7549,MDCA
7550,CTXRW
7551,CAFD
7552,LORL
7553,PHH
7554,DHDG
7555,STAR_G
7556,PK
7557,JDD
7558,DVN
7559,TX
7560,SWM
7561,MUSA
7562,OTIC
7563,DLR_I
7564,CDXS
7565,SECO
7566,MCRB
7567,EVN
7568,RENN
7569,TAC
7570,BLUE
7571,CIVB
7572,ROAM
7573,DEA
7574,TEP
7575,AKG
7576,DAR
7577,GSHT
7578,FNF
7579,OAPH
7580,EEA
7581,DATA
7582,INN_B-CL
7583,TCS
7584,SFR
7585,GDOT
7586,STRA
7587,AMD
7588,WYIG
7589,USOI
7590,MPLX
7591,COF_D
7592,AIW
7593,HZO
7594,AT
7595,CHTR
7596,IRET
7597,GPAC
7598,BANX
7599,CFBK
7600,PSA_C
7601,SPXT
7602,MER_K
7603,GLV
7604,FLQM
7605,TECK
7606,RBA
7607,OFG_D
7608,MGF
7609,BSRR
7610,AUDC
7611,EPM
7612,ZIONW
7613,NDRA
7614,MSD
7615,NTRP
7616,VIGI
7617,WLDN
7618,PNK
7619,NXC
7620,CDNA
7621,TREE
7622,GAM_B
7623,JHMT
7624,RPRX
7625,DBIT
7626,PRTA
7627,BIIB
7628,DSS
7629,CVR
7630,STFC
7631,SQLV
7632,AVHI
7633,USB
7634,TUSK
7635,ESS
7636,CASH
7637,SEAS
7638,LARK
7639,PZE
7640,HT_D
7641,ETR
7642,HIL
7643,MCY
7644,TTC
7645,HE_U
7646,EWMC
7647,JBK
7648,ENZY
7649,TPIC
7650,FRGI
7651,GNST
7652,CIVBP
7653,WLK
7654,SPXX
7655,PFNX
7656,BFO
7657,TGLS
7658,SGLBW
7659,PTEN
7660,STRM
7661,CBL_D
7662,AMH
7663,HL_B
7664,CUMB
7665,COF_H
7666,MPV
7667,PGNX
7668,CFO
7669,PBDM
7670,DCIX
7671,NKSH
7672,EFNL
7673,SBGL
7674,HYDD
7675,OACQW
7676,CRM
7677,AMTX
7678,MDT
7679,TCRD
7680,TSN
7681,NSPR-WS-B
7682,OSIS
7683,IHIT
7684,RAS
7685,GNTY
7686,UDR
7687,PJT
7688,RSYS
7689,NDRM
7690,RARE
7691,XYL
7692,DDC
7693,FIZZ
7694,PLW
7695,LUK
7696,EP_C
7697,BCR
7698,PHD
7699,SUSC
7700,PRAA
7701,ENLK
7702,VIV
7703,AMAT
7704,CGA
7705,DFS
7706,DE
7707,FIG
7708,FSFG
7709,DFEN
7710,GKOS
7711,BTN
7712,PAYX
7713,WAFDW
7714,ESBK
7715,JCE
7716,VRNT
7717,GOAU
7718,HMLP
7719,OMC
7720,HMHC
7721,MANU
7722,AEUA
7723,KST
7724,RDN
7725,SLCT
7726,SYMC
7727,LEXEB
7728,CH
7729,BWP
7730,NLST
7731,CNACW
7732,FLDM
7733,FINX
7734,ABCO
7735,MCRN
7736,PG
7737,DRQ
7738,AMH_D
7739,ARE_D
7740,VNTV
7741,ACCO
7742,MRVL
7743,WGO
7744,ELY
7745,MAGA
7746,GTYHU
7747,ORRF
7748,ULH
7749,RUTH
7750,CIX
7751,AFL
7752,UTES
7753,GHYB
7754,COMG
7755,TGTX
7756,SEND
7757,KIO
7758,NCZ
7759,UEVM
7760,APAM
7761,HTUS
7762,FRC_D
7763,CLBS
7764,AVDL
7765,LIND
7766,CNIT
7767,GLPI
7768,DHIL
7769,CHK_D
7770,MFEM
7771,HEES
7772,BSMX
7773,VSTO
7774,EOG
7775,PAGP
7776,DKT
7777,CLRB
7778,MXL
7779,EWRE
7780,SJW
7781,OSK
7782,KURA
7783,AER
7784,SND
7785,YLDE
7786,GCBC
7787,WSM
7788,AVGR
7789,NSPR-WS
7790,NVEC
7791,JNPR
7792,VSM
7793,SYX
7794,MKC
7795,NEE_C
7796,SKYS
7797,AROW
7798,ESIO
7799,NFG
7800,GERN
7801,SSNI
7802,NVGS
7803,JHA
7804,RFIL
7805,ADNT
7806,CETV
7807,MS_E
7808,OFG
7809,IBOC
7810,E
7811,CMPR
7812,IPI
7813,BLE
7814,PAAS
7815,CMTA
7816,AGRO
7817,MDLZ
7818,BHV
7819,CLPR
7820,KR
7821,HPI
7822,SHG
7823,BRQSW
7824,FBC
7825,OA
7826,HTZ
7827,ABLX
7828,GVA
7829,BXG
7830,LMFA
7831,GRR
7832,GGZ_A
7833,NYRT
7834,IVFVC
7835,EPR_E
7836,MEXX
7837,AMZA
7838,SABR
7839,NXRT
7840,XBIO
7841,BRACW
7842,JOBS
7843,SYBT
7844,FNSR
7845,NRE
7846,OILK
7847,BKH
7848,PDM
7849,WAL
7850,GEN
7851,LYB
7852,DNI
7853,CKH
7854,EUXL
7855,IDMO
7856,HL
7857,FEN
7858,NODK
7859,CPTAG
7860,SKY
7861,HPE
7862,CLI
7863,USAP
7864,TACT
7865,AGN
7866,SPVM
7867,I
7868,TCF_C
7869,MOTI
7870,MFCB
7871,AJXA
7872,ENTL
7873,MS_I
7874,ATNI
7875,SSW_G
7876,BTU_
7877,ERIC
7878,MLHR
7879,OKSB
7880,PPC
7881,SRNE
7882,CLNS_G
7883,DZSI
7884,TICC
7885,ADP
7886,MEOH
7887,ORI
7888,MYRG
7889,HCAP
7890,SHBI
7891,MYN
7892,SYBX
7893,WES
7894,CYS_A
7895,BKD
7896,LJPC
7897,UNT
7898,URBN
7899,GEB
7900,SCHW_B
7901,HFXJ
7902,NVDA
7903,XELB
7904,SAFM
7905,MNR
7906,JKS
7907,BLMN
7908,MARA
7909,NEU
7910,BOFI
7911,HESM
7912,EDOM
7913,OGE
7914,FRC_H
7915,JPEH
7916,JMP
7917,AAAP
7918,WBIB
7919,XBKS
7920,VTL
7921,HSTM
7922,AUO
7923,IBD
7924,NUMV
7925,GPN
7926,EXPR
7927,NCV
7928,SNGXW
7929,EFBI
7930,RLJ_A
7931,CIT
7932,OPY
7933,NC
7934,HJPX
7935,THW
7936,CMG
7937,AMKR
7938,DHF
7939,VRSN
7940,JP
7941,MTBCP
7942,PBB
7943,APRN
7944,BIT
7945,SNAK
7946,ELU
7947,TRIL
7948,VWR
7949,FSP
7950,SCHW
7951,MIDD
7952,HEI
7953,ASIX
7954,SYT
7955,ALLY_A
7956,GRUB
7957,ARMK
7958,CSWI
7959,MZOR
7960,WWR
7961,MXDU
7962,MBOT
7963,OSG
7964,EGRX
7965,SNH
7966,BLVDU
7967,PNC_Q
7968,PEO
7969,EVRI
7970,BNY
7971,CFNB
7972,CELGZ
7973,GDL
7974,TIVO
7975,YRD
7976,RMNIW
7977,IRDMB
7978,AST
7979,RTEC
7980,STI_A
7981,FTXG
7982,JEMD
7983,NEM
7984,BXS
7985,GRF
7986,MRNS
7987,SKM
7988,HX
7989,COO
7990,HSC
7991,SMHD
7992,TROW
7993,CANF
7994,OEUR
7995,APPF
7996,KMDA
7997,LYV
7998,SCE_D
7999,ZIXI
8000,MMT
8001,ACOR
8002,OFS
8003,LTRPA
8004,AROC
8005,APOPW
8006,IGA
8007,PCYO
8008,SNSR
8009,COHN
8010,WVFC
8011,LMT
8012,PTH
8013,ICOW
8014,VBF
8015,KF
8016,XPL
8017,RY_S-CL
8018,DFS_B-CL
8019,MBIO
8020,BCOM
8021,EIP
8022,NYMTN
8023,Q
8024,IGEB
8025,SPVU
8026,TIPT
8027,TYPE
8028,BHB
8029,WRB_B
8030,WMGIZ
8031,JPM_A
8032,NEXTW
8033,AAU
8034,CNA
8035,SNP
8036,NWL
8037,IRM
8038,PACW
8039,LVHI
8040,EOS
8041,RNP
8042,HEQ
8043,BNCL
8044,MOD
8045,QRVO
8046,HEI-A
8047,ODC
8048,SACH
8049,OSBC
8050,GOLF
8051,CTRP
8052,PRK
8053,PATK
8054,GSH
8055,ORBC
8056,DAIO
8057,XSHD
8058,THO
8059,CORR_A
8060,CUBA
8061,HALL
8062,SAN_I
8063,CIL
8064,VERU
8065,PSB_X
8066,RMCF
8067,INSG
8068,UBP_F-CL
8069,PFI
8070,MHI
8071,VPG
8072,NFBK
8073,OCN
8074,THFF
8075,RVLT
8076,CRTO
8077,WPG
8078,PSXP
8079,MAPI
8080,GTE
8081,WTT
8082,EHTH
8083,HEUV
8084,C_C
8085,SITO
8086,GSD
8087,EXC
8088,GWW
8089,EVAR
8090,MOH
8091,DXC
8092,OFLX
8093,HDRW
8094,XEL
8095,LVHE
8096,FISV
8097,IBMK
8098,IVR
8099,NSS
8100,PFBI
8101,CTAS
8102,PAH
8103,FDX
8104,DKL
8105,FORD
8106,JNCE
8107,GLADN
8108,FLIR
8109,BDXA
8110,IBP
8111,ARNA
8112,REGN
8113,NCB
8114,SCON
8115,FTI
8116,MHE
8117,HBP
8118,HOME
8119,ATOS
8120,PLNT
8121,BGSF
8122,HFC
8123,ASNA
8124,RLGY
8125,TRMK
8126,RETA
8127,RBUS
8128,BMS
8129,EHR
8130,PTNR
8131,PFE
8132,THC
8133,RSO_B
8134,AFT
8135,NATI
8136,DLA
8137,PSB_T
8138,TLP
8139,BWINB
8140,BDC_B
8141,ABG
8142,CMS
8143,DHR
8144,GSAT
8145,JD
8146,TENX
8147,SCE_H
8148,LSXMK
8149,ORPN
8150,WAT
8151,TLYS
8152,TGP_A
8153,SOR
8154,ELON
8155,AHGP
8156,SB_B
8157,OOMA
8158,HT
8159,RXN
8160,ONTXW
8161,PCG_B
8162,TPGE-U
8163,NEA
8164,FITBI
8165,DWIN
8166,ASX
8167,DPLO
8168,FARO
8169,WPG_H
8170,AWK
8171,HDS
8172,FWONK
8173,CRVS
8174,LTEA
8175,MTLS
8176,NS_B
8177,CAMT
8178,EMO
8179,HPQ
8180,PIRS
8181,IVAL
8182,CHN
8183,OMEX
8184,ROIC
8185,DMO
8186,UZB
8187,NBL
8188,NRIM
8189,LMAT
8190,ATU
8191,JHY
8192,XCO
8193,MIK
8194,APF
